memory_ratio,pc_size,compress_ratio,miss_cost,load_dist,total_latency
0.4,0.0,0.2,10,0,110113433.0
0.4,0.02,0.2,10,0,70245854.0
0.4,0.04,0.2,10,0,68853684.0
0.4,0.06,0.2,10,0,67493181.0
0.4,0.08,0.2,10,0,65837463.0
0.4,0.1,0.2,10,0,61827351.0
0.4,0.12,0.2,10,0,56351914.0
0.4,0.14,0.2,10,0,50241597.0
0.4,0.16,0.2,10,0,43257774.0
0.4,0.18,0.2,10,0,36681812.0
0.4,0.2,0.2,10,0,28889564.0
0.4,0.22,0.2,10,0,31533877.0
0.4,0.24,0.2,10,0,34356842.0
0.4,0.26,0.2,10,0,37334907.0
0.4,0.28,0.2,10,0,40440167.0
0.4,0.3,0.2,10,0,43645576.0
0.4,0.32,0.2,10,0,46949288.0
0.4,0.34,0.2,10,0,50348353.0
0.4,0.36,0.2,10,0,53824521.0
0.4,0.38,0.2,10,0,57382447.0
0.4,0.4,0.2,10,0,60999803.0
0.4,0.0,0.2,20,0,118761723.0
0.4,0.02,0.2,20,0,79360834.0
0.4,0.04,0.2,20,0,78535039.0
0.4,0.06,0.2,20,0,77885808.0
0.4,0.08,0.2,20,0,77125519.0
0.4,0.1,0.2,20,0,74213143.0
0.4,0.12,0.2,20,0,70078213.0
0.4,0.14,0.2,20,0,65530269.0
0.4,0.16,0.2,20,0,60350344.0
0.4,0.18,0.2,20,0,55792820.0
0.4,0.2,0.2,20,0,50219734.0
0.4,0.22,0.2,20,0,55225237.0
0.4,0.24,0.2,20,0,60568682.0
0.4,0.26,0.2,20,0,66205597.0
0.4,0.28,0.2,20,0,72083587.0
0.4,0.3,0.2,20,0,78151076.0
0.4,0.32,0.2,20,0,84404628.0
0.4,0.34,0.2,20,0,90838383.0
0.4,0.36,0.2,20,0,97418241.0
0.4,0.38,0.2,20,0,104152847.0
0.4,0.4,0.2,20,0,110999803.0
0.4,0.0,0.2,30,0,127410013.0
0.4,0.02,0.2,30,0,88483739.0
0.4,0.04,0.2,30,0,88227301.0
0.4,0.06,0.2,30,0,88292398.0
0.4,0.08,0.2,30,0,88430867.0
0.4,0.1,0.2,30,0,86621838.0
0.4,0.12,0.2,30,0,83827506.0
0.4,0.14,0.2,30,0,80842532.0
0.4,0.16,0.2,30,0,77461829.0
0.4,0.18,0.2,30,0,74912705.0
0.4,0.2,0.2,30,0,71549904.0
0.4,0.22,0.2,30,0,78916597.0
0.4,0.24,0.2,30,0,86780522.0
0.4,0.26,0.2,30,0,95076287.0
0.4,0.28,0.2,30,0,103727007.0
0.4,0.3,0.2,30,0,112656576.0
0.4,0.32,0.2,30,0,121859968.0
0.4,0.34,0.2,30,0,131328413.0
0.4,0.36,0.2,30,0,141011961.0
0.4,0.38,0.2,30,0,150923247.0
0.4,0.4,0.2,30,0,160999803.0
0.4,0.0,0.2,40,0,136058303.0
0.4,0.02,0.2,40,0,97609129.0
0.4,0.04,0.2,40,0,97924484.0
0.4,0.06,0.2,40,0,98706249.0
0.4,0.08,0.2,40,0,99745646.0
0.4,0.1,0.2,40,0,99041782.0
0.4,0.12,0.2,40,0,97587134.0
0.4,0.14,0.2,40,0,96162925.0
0.4,0.16,0.2,40,0,94578480.0
0.4,0.18,0.2,40,0,94033834.0
0.4,0.2,0.2,40,0,92880074.0
0.4,0.22,0.2,40,0,102607957.0
0.4,0.24,0.2,40,0,112992362.0
0.4,0.26,0.2,40,0,123946977.0
0.4,0.28,0.2,40,0,135370427.0
0.4,0.3,0.2,40,0,147162076.0
0.4,0.32,0.2,40,0,159315308.0
0.4,0.34,0.2,40,0,171818443.0
0.4,0.36,0.2,40,0,184605681.0
0.4,0.38,0.2,40,0,197693647.0
0.4,0.4,0.2,40,0,210999803.0
0.4,0.0,0.2,50,0,144706593.0
0.4,0.02,0.2,50,0,106735611.0
0.4,0.04,0.2,50,0,107623580.0
0.4,0.06,0.2,50,0,109122424.0
0.4,0.08,0.2,50,0,111063422.0
0.4,0.1,0.2,50,0,111464314.0
0.4,0.12,0.2,50,0,111349173.0
0.4,0.14,0.2,50,0,111485130.0
0.4,0.16,0.2,50,0,111696163.0
0.4,0.18,0.2,50,0,113155452.0
0.4,0.2,0.2,50,0,114210244.0
0.4,0.22,0.2,50,0,126299317.0
0.4,0.24,0.2,50,0,139204202.0
0.4,0.26,0.2,50,0,152817667.0
0.4,0.28,0.2,50,0,167013847.0
0.4,0.3,0.2,50,0,181667576.0
0.4,0.32,0.2,50,0,196770648.0
0.4,0.34,0.2,50,0,212308473.0
0.4,0.36,0.2,50,0,228199401.0
0.4,0.38,0.2,50,0,244464047.0
0.4,0.4,0.2,50,0,260999803.0
0.4,0.0,0.2,60,0,153354883.0
0.4,0.02,0.2,60,0,115862470.0
0.4,0.04,0.2,60,0,117323463.0
0.4,0.06,0.2,60,0,119539655.0
0.4,0.08,0.2,60,0,122382481.0
0.4,0.1,0.2,60,0,123888413.0
0.4,0.12,0.2,60,0,125112835.0
0.4,0.14,0.2,60,0,126808505.0
0.4,0.16,0.2,60,0,128814864.0
0.4,0.18,0.2,60,0,132277377.0
0.4,0.2,0.2,60,0,135540414.0
0.4,0.22,0.2,60,0,149990677.0
0.4,0.24,0.2,60,0,165416042.0
0.4,0.26,0.2,60,0,181688357.0
0.4,0.28,0.2,60,0,198657267.0
0.4,0.3,0.2,60,0,216173076.0
0.4,0.32,0.2,60,0,234225988.0
0.4,0.34,0.2,60,0,252798503.0
0.4,0.36,0.2,60,0,271793121.0
0.4,0.38,0.2,60,0,291234447.0
0.4,0.4,0.2,60,0,310999803.0
0.4,0.0,0.2,70,0,162003173.0
0.4,0.02,0.2,70,0,124989611.0
0.4,0.04,0.2,70,0,127023787.0
0.4,0.06,0.2,70,0,129957703.0
0.4,0.08,0.2,70,0,133702497.0
0.4,0.1,0.2,70,0,136313418.0
0.4,0.12,0.2,70,0,138877480.0
0.4,0.14,0.2,70,0,142132653.0
0.4,0.16,0.2,70,0,145934259.0
0.4,0.18,0.2,70,0,151399447.0
0.4,0.2,0.2,70,0,156870584.0
0.4,0.22,0.2,70,0,173682037.0
0.4,0.24,0.2,70,0,191627882.0
0.4,0.26,0.2,70,0,210559047.0
0.4,0.28,0.2,70,0,230300687.0
0.4,0.3,0.2,70,0,250678576.0
0.4,0.32,0.2,70,0,271681328.0
0.4,0.34,0.2,70,0,293288533.0
0.4,0.36,0.2,70,0,315386841.0
0.4,0.38,0.2,70,0,338004847.0
0.4,0.4,0.2,70,0,360999803.0
0.4,0.0,0.2,80,0,170651463.0
0.4,0.02,0.2,80,0,134117097.0
0.4,0.04,0.2,80,0,136724548.0
0.4,0.06,0.2,80,0,140376349.0
0.4,0.08,0.2,80,0,145023177.0
0.4,0.1,0.2,80,0,148739029.0
0.4,0.12,0.2,80,0,152642430.0
0.4,0.14,0.2,80,0,157457113.0
0.4,0.16,0.2,80,0,163053830.0
0.4,0.18,0.2,80,0,170521537.0
0.4,0.2,0.2,80,0,178200754.0
0.4,0.22,0.2,80,0,197373397.0
0.4,0.24,0.2,80,0,217839722.0
0.4,0.26,0.2,80,0,239429737.0
0.4,0.28,0.2,80,0,261944107.0
0.4,0.3,0.2,80,0,285184076.0
0.4,0.32,0.2,80,0,309136668.0
0.4,0.34,0.2,80,0,333778563.0
0.4,0.36,0.2,80,0,358980561.0
0.4,0.38,0.2,80,0,384775247.0
0.4,0.4,0.2,80,0,410999803.0
0.4,0.0,0.2,90,0,179299753.0
0.4,0.02,0.2,90,0,143244651.0
0.4,0.04,0.2,90,0,146425411.0
0.4,0.06,0.2,90,0,150795104.0
0.4,0.08,0.2,90,0,156343895.0
0.4,0.1,0.2,90,0,161164649.0
0.4,0.12,0.2,90,0,166407380.0
0.4,0.14,0.2,90,0,172781573.0
0.4,0.16,0.2,90,0,180173410.0
0.4,0.18,0.2,90,0,189643627.0
0.4,0.2,0.2,90,0,199530924.0
0.4,0.22,0.2,90,0,221064757.0
0.4,0.24,0.2,90,0,244051562.0
0.4,0.26,0.2,90,0,268300427.0
0.4,0.28,0.2,90,0,293587527.0
0.4,0.3,0.2,90,0,319689576.0
0.4,0.32,0.2,90,0,346592008.0
0.4,0.34,0.2,90,0,374268593.0
0.4,0.36,0.2,90,0,402574281.0
0.4,0.38,0.2,90,0,431545647.0
0.4,0.4,0.2,90,0,460999803.0
0.4,0.0,0.2,100,0,187948043.0
0.4,0.02,0.2,100,0,152372229.0
0.4,0.04,0.2,100,0,156126301.0
0.4,0.06,0.2,100,0,161213888.0
0.4,0.08,0.2,100,0,167664625.0
0.4,0.1,0.2,100,0,173590284.0
0.4,0.12,0.2,100,0,180172337.0
0.4,0.14,0.2,100,0,188106038.0
0.4,0.16,0.2,100,0,197292990.0
0.4,0.18,0.2,100,0,208765717.0
0.4,0.2,0.2,100,0,220861094.0
0.4,0.22,0.2,100,0,244756117.0
0.4,0.24,0.2,100,0,270263402.0
0.4,0.26,0.2,100,0,297171117.0
0.4,0.28,0.2,100,0,325230947.0
0.4,0.3,0.2,100,0,354195076.0
0.4,0.32,0.2,100,0,384047348.0
0.4,0.34,0.2,100,0,414758623.0
0.4,0.36,0.2,100,0,446168001.0
0.4,0.38,0.2,100,0,478316047.0
0.4,0.4,0.2,100,0,510999803.0
0.4,0.0,0.5,10,0,111625013.0
0.4,0.02,0.5,10,0,77833635.0
0.4,0.04,0.5,10,0,81593024.0
0.4,0.06,0.5,10,0,86125793.0
0.4,0.08,0.5,10,0,91282564.0
0.4,0.1,0.5,10,0,96066502.0
0.4,0.12,0.5,10,0,99448710.0
0.4,0.14,0.5,10,0,100372284.0
0.4,0.16,0.5,10,0,99475881.0
0.4,0.18,0.5,10,0,97618089.0
0.4,0.2,0.5,10,0,95386895.0
0.4,0.22,0.5,10,0,93515450.0
0.4,0.24,0.5,10,0,90146789.0
0.4,0.26,0.5,10,0,86957149.0
0.4,0.28,0.5,10,0,85017261.0
0.4,0.3,0.5,10,0,84192880.0
0.4,0.32,0.5,10,0,84001072.0
0.4,0.34,0.5,10,0,84005530.0
0.4,0.36,0.5,10,0,85109973.0
0.4,0.38,0.5,10,0,84900136.0
0.4,0.4,0.5,10,0,85131267.0
0.4,0.0,0.5,20,0,120273303.0
0.4,0.02,0.5,20,0,85976359.0
0.4,0.04,0.5,20,0,90351106.0
0.4,0.06,0.5,20,0,95635168.0
0.4,0.08,0.5,20,0,101703964.0
0.4,0.1,0.5,20,0,107586024.0
0.4,0.12,0.5,20,0,112294867.0
0.4,0.14,0.5,20,0,114783820.0
0.4,0.16,0.5,20,0,115717288.0
0.4,0.18,0.5,20,0,115935592.0
0.4,0.2,0.5,20,0,116013121.0
0.4,0.22,0.5,20,0,116588008.0
0.4,0.24,0.5,20,0,115828369.0
0.4,0.26,0.5,20,0,115358525.0
0.4,0.28,0.5,20,0,116246205.0
0.4,0.3,0.5,20,0,118338301.0
0.4,0.32,0.5,20,0,121142279.0
0.4,0.34,0.5,20,0,124223866.0
0.4,0.36,0.5,20,0,128477001.0
0.4,0.38,0.5,20,0,131487029.0
0.4,0.4,0.5,20,0,134989019.0
0.4,0.0,0.5,30,0,128921593.0
0.4,0.02,0.5,30,0,94892246.0
0.4,0.04,0.5,30,0,99859321.0
0.4,0.06,0.5,30,0,105872192.0
0.4,0.08,0.5,30,0,112842296.0
0.4,0.1,0.5,30,0,119820223.0
0.4,0.12,0.5,30,0,125855594.0
0.4,0.14,0.5,30,0,129901645.0
0.4,0.16,0.5,30,0,132639823.0
0.4,0.18,0.5,30,0,134883100.0
0.4,0.2,0.5,30,0,137197748.0
0.4,0.22,0.5,30,0,140150992.0
0.4,0.24,0.5,30,0,141931276.0
0.4,0.26,0.5,30,0,144129411.0
0.4,0.28,0.5,30,0,147796513.0
0.4,0.3,0.5,30,0,152762365.0
0.4,0.32,0.5,30,0,158522715.0
0.4,0.34,0.5,30,0,164645379.0
0.4,0.36,0.5,30,0,172012492.0
0.4,0.38,0.5,30,0,178211155.0
0.4,0.4,0.5,30,0,184949205.0
0.4,0.0,0.5,40,0,137569883.0
0.4,0.02,0.5,40,0,103965185.0
0.4,0.04,0.5,40,0,109501237.0
0.4,0.06,0.5,40,0,116225636.0
0.4,0.08,0.5,40,0,124088098.0
0.4,0.1,0.5,40,0,132157979.0
0.4,0.12,0.5,40,0,139520621.0
0.4,0.14,0.5,40,0,145123248.0
0.4,0.16,0.5,40,0,149663715.0
0.4,0.18,0.5,40,0,153924724.0
0.4,0.2,0.5,40,0,158466589.0
0.4,0.22,0.5,40,0,163790392.0
0.4,0.24,0.5,40,0,168101891.0
0.4,0.26,0.5,40,0,172961972.0
0.4,0.28,0.5,40,0,179402915.0
0.4,0.3,0.5,40,0,187234483.0
0.4,0.32,0.5,40,0,195945429.0
0.4,0.34,0.5,40,0,205103527.0
0.4,0.36,0.5,40,0,215576475.0
0.4,0.38,0.5,40,0,224956065.0
0.4,0.4,0.5,40,0,234926558.0
0.4,0.0,0.5,50,0,146218173.0
0.4,0.02,0.5,50,0,113069777.0
0.4,0.04,0.5,50,0,119175073.0
0.4,0.06,0.5,50,0,126612664.0
0.4,0.08,0.5,50,0,135369648.0
0.4,0.1,0.5,50,0,144535637.0
0.4,0.12,0.5,50,0,153229307.0
0.4,0.14,0.5,50,0,160390298.0
0.4,0.16,0.5,50,0,166730284.0
0.4,0.18,0.5,50,0,173004330.0
0.4,0.2,0.5,50,0,179766082.0
0.4,0.22,0.5,50,0,187455920.0
0.4,0.24,0.5,50,0,194292511.0
0.4,0.26,0.5,50,0,201810192.0
0.4,0.28,0.5,50,0,211022637.0
0.4,0.3,0.5,50,0,221716756.0
0.4,0.32,0.5,50,0,233376878.0
0.4,0.34,0.5,50,0,245569393.0
0.4,0.36,0.5,50,0,259145894.0
0.4,0.38,0.5,50,0,271704688.0
0.4,0.4,0.5,50,0,284906701.0
0.4,0.0,0.5,60,0,154866463.0
0.4,0.02,0.5,60,0,122182656.0
0.4,0.04,0.5,60,0,128858946.0
0.4,0.06,0.5,60,0,137011684.0
0.4,0.08,0.5,60,0,146664587.0
0.4,0.1,0.5,60,0,156929191.0
0.4,0.12,0.5,60,0,166955803.0
0.4,0.14,0.5,60,0,175677823.0
0.4,0.16,0.5,60,0,183816581.0
0.4,0.18,0.5,60,0,192100100.0
0.4,0.2,0.5,60,0,201077906.0
0.4,0.22,0.5,60,0,211130954.0
0.4,0.24,0.5,60,0,220490138.0
0.4,0.26,0.5,60,0,230665633.0
0.4,0.28,0.5,60,0,242649698.0
0.4,0.3,0.5,60,0,256206274.0
0.4,0.32,0.5,60,0,270816385.0
0.4,0.34,0.5,60,0,286043480.0
0.4,0.36,0.5,60,0,302724811.0
0.4,0.38,0.5,60,0,318461998.0
0.4,0.4,0.5,60,0,334895295.0
0.4,0.0,0.5,70,0,163514753.0
0.4,0.02,0.5,70,0,131303391.0
0.4,0.04,0.5,70,0,138549754.0
0.4,0.06,0.5,70,0,147417748.0
0.4,0.08,0.5,70,0,157967993.0
0.4,0.1,0.5,70,0,169333016.0
0.4,0.12,0.5,70,0,180694052.0
0.4,0.14,0.5,70,0,190977619.0
0.4,0.16,0.5,70,0,200914409.0
0.4,0.18,0.5,70,0,211205463.0
0.4,0.2,0.5,70,0,222397183.0
0.4,0.22,0.5,70,0,234813144.0
0.4,0.24,0.5,70,0,246693687.0
0.4,0.26,0.5,70,0,259527932.0
0.4,0.28,0.5,70,0,274284159.0
0.4,0.3,0.5,70,0,290703606.0
0.4,0.32,0.5,70,0,308263875.0
0.4,0.34,0.5,70,0,326526019.0
0.4,0.36,0.5,70,0,346312268.0
0.4,0.38,0.5,70,0,365227248.0
0.4,0.4,0.5,70,0,384891260.0
0.4,0.0,0.5,80,0,172163043.0
0.4,0.02,0.5,80,0,140425233.0
0.4,0.04,0.5,80,0,148242766.0
0.4,0.06,0.5,80,0,157826767.0
0.4,0.08,0.5,80,0,169275835.0
0.4,0.1,0.5,80,0,181742426.0
0.4,0.12,0.5,80,0,194439228.0
0.4,0.14,0.5,80,0,206283974.0
0.4,0.16,0.5,80,0,218018167.0
0.4,0.18,0.5,80,0,230315869.0
0.4,0.2,0.5,80,0,243720978.0
0.4,0.22,0.5,80,0,258500336.0
0.4,0.24,0.5,80,0,272902533.0
0.4,0.26,0.5,80,0,288396120.0
0.4,0.28,0.5,80,0,305924926.0
0.4,0.3,0.5,80,0,325206760.0
0.4,0.32,0.5,80,0,345716740.0
0.4,0.34,0.5,80,0,367013902.0
0.4,0.36,0.5,80,0,389903858.0
0.4,0.38,0.5,80,0,411995773.0
0.4,0.4,0.5,80,0,434889850.0
0.4,0.0,0.5,90,0,180811333.0
0.4,0.02,0.5,90,0,149548141.0
0.4,0.04,0.5,90,0,157937648.0
0.4,0.06,0.5,90,0,168238421.0
0.4,0.08,0.5,90,0,180586980.0
0.4,0.1,0.5,90,0,194156238.0
0.4,0.12,0.5,90,0,208188802.0
0.4,0.14,0.5,90,0,221593514.0
0.4,0.16,0.5,90,0,235124343.0
0.4,0.18,0.5,90,0,249427787.0
0.4,0.2,0.5,90,0,265045510.0
0.4,0.22,0.5,90,0,282188168.0
0.4,0.24,0.5,90,0,299112021.0
0.4,0.26,0.5,90,0,317264846.0
0.4,0.28,0.5,90,0,337566339.0
0.4,0.3,0.5,90,0,359710320.0
0.4,0.32,0.5,90,0,383170065.0
0.4,0.34,0.5,90,0,407502042.0
0.4,0.36,0.5,90,0,433495623.0
0.4,0.38,0.5,90,0,458764453.0
0.4,0.4,0.5,90,0,484888490.0
0.4,0.0,0.5,100,0,189459623.0
0.4,0.02,0.5,100,0,158672002.0
0.4,0.04,0.5,100,0,167634065.0
0.4,0.06,0.5,100,0,178652071.0
0.4,0.08,0.5,100,0,191900779.0
0.4,0.1,0.5,100,0,206573373.0
0.4,0.12,0.5,100,0,221941375.0
0.4,0.14,0.5,100,0,236905311.0
0.4,0.16,0.5,100,0,252231943.0
0.4,0.18,0.5,100,0,268540424.0
0.4,0.2,0.5,100,0,286370402.0
0.4,0.22,0.5,100,0,305876249.0
0.4,0.24,0.5,100,0,325321786.0
0.4,0.26,0.5,100,0,346133790.0
0.4,0.28,0.5,100,0,369207916.0
0.4,0.3,0.5,100,0,394214025.0
0.4,0.32,0.5,100,0,420623560.0
0.4,0.34,0.5,100,0,447990292.0
0.4,0.36,0.5,100,0,477087508.0
0.4,0.38,0.5,100,0,505533253.0
0.4,0.4,0.5,100,0,534887150.0
0.5,0.0,0.2,10,0,87697181.0
0.5,0.025,0.2,10,0,54702618.0
0.5,0.05,0.2,10,0,51032967.0
0.5,0.075,0.2,10,0,47124851.0
0.5,0.1,0.2,10,0,43429535.0
0.5,0.125,0.2,10,0,39602535.0
0.5,0.15,0.2,10,0,35482299.0
0.5,0.175,0.2,10,0,28613324.0
0.5,0.2,0.2,10,0,18779754.0
0.5,0.225,0.2,10,0,20715595.0
0.5,0.25,0.2,10,0,23055595.0
0.5,0.275,0.2,10,0,25784207.0
0.5,0.3,0.2,10,0,28848461.0
0.5,0.325,0.2,10,0,32207625.0
0.5,0.35,0.2,10,0,35818990.0
0.5,0.375,0.2,10,0,39625893.0
0.5,0.4,0.2,10,0,43628227.0
0.5,0.425,0.2,10,0,47780761.0
0.5,0.45,0.2,10,0,52084085.0
0.5,0.475,0.2,10,0,56484750.0
0.5,0.5,0.2,10,0,61000348.0
0.5,0.0,0.2,20,0,94534431.0
0.5,0.025,0.2,20,0,61888490.0
0.5,0.05,0.2,20,0,58592435.0
0.5,0.075,0.2,20,0,55096432.0
0.5,0.1,0.2,20,0,51890987.0
0.5,0.125,0.2,20,0,48670613.0
0.5,0.15,0.2,20,0,45343557.0
0.5,0.175,0.2,20,0,39537339.0
0.5,0.2,0.2,20,0,31083284.0
0.5,0.225,0.2,20,0,34747555.0
0.5,0.25,0.2,20,0,39176955.0
0.5,0.275,0.2,20,0,44341537.0
0.5,0.3,0.2,20,0,50141891.0
0.5,0.325,0.2,20,0,56500455.0
0.5,0.35,0.2,20,0,63336260.0
0.5,0.375,0.2,20,0,70541823.0
0.5,0.4,0.2,20,0,78117587.0
0.5,0.425,0.2,20,0,85977381.0
0.5,0.45,0.2,20,0,94123265.0
0.5,0.475,0.2,20,0,102453030.0
0.5,0.5,0.2,20,0,111000348.0
0.5,0.0,0.2,30,0,101371681.0
0.5,0.025,0.2,30,0,69082333.0
0.5,0.05,0.2,30,0,66163428.0
0.5,0.075,0.2,30,0,63084716.0
0.5,0.1,0.2,30,0,60373370.0
0.5,0.125,0.2,30,0,57759192.0
0.5,0.15,0.2,30,0,55223807.0
0.5,0.175,0.2,30,0,50473603.0
0.5,0.2,0.2,30,0,43386814.0
0.5,0.225,0.2,30,0,48779515.0
0.5,0.25,0.2,30,0,55298315.0
0.5,0.275,0.2,30,0,62898867.0
0.5,0.3,0.2,30,0,71435321.0
0.5,0.325,0.2,30,0,80793285.0
0.5,0.35,0.2,30,0,90853530.0
0.5,0.375,0.2,30,0,101457753.0
0.5,0.4,0.2,30,0,112606947.0
0.5,0.425,0.2,30,0,124174001.0
0.5,0.45,0.2,30,0,136162445.0
0.5,0.475,0.2,30,0,148421310.0
0.5,0.5,0.2,30,0,161000348.0
0.5,0.0,0.2,40,0,108208931.0
0.5,0.025,0.2,40,0,76278738.0
0.5,0.05,0.2,40,0,73740465.0
0.5,0.075,0.2,40,0,71082119.0
0.5,0.1,0.2,40,0,68864680.0
0.5,0.125,0.2,40,0,66855920.0
0.5,0.15,0.2,40,0,65109544.0
0.5,0.175,0.2,40,0,61412186.0
0.5,0.2,0.2,40,0,55690344.0
0.5,0.225,0.2,40,0,62811475.0
0.5,0.25,0.2,40,0,71419675.0
0.5,0.275,0.2,40,0,81456197.0
0.5,0.3,0.2,40,0,92728751.0
0.5,0.325,0.2,40,0,105086115.0
0.5,0.35,0.2,40,0,118370800.0
0.5,0.375,0.2,40,0,132373683.0
0.5,0.4,0.2,40,0,147096307.0
0.5,0.425,0.2,40,0,162370621.0
0.5,0.45,0.2,40,0,178201625.0
0.5,0.475,0.2,40,0,194389590.0
0.5,0.5,0.2,40,0,211000348.0
0.5,0.0,0.2,50,0,115046181.0
0.5,0.025,0.2,50,0,83476419.0
0.5,0.05,0.2,50,0,81319852.0
0.5,0.075,0.2,50,0,79082141.0
0.5,0.1,0.2,50,0,77358002.0
0.5,0.125,0.2,50,0,75954339.0
0.5,0.15,0.2,50,0,74996461.0
0.5,0.175,0.2,50,0,72351291.0
0.5,0.2,0.2,50,0,67993874.0
0.5,0.225,0.2,50,0,76843435.0
0.5,0.25,0.2,50,0,87541035.0
0.5,0.275,0.2,50,0,100013527.0
0.5,0.3,0.2,50,0,114022181.0
0.5,0.325,0.2,50,0,129378945.0
0.5,0.35,0.2,50,0,145888070.0
0.5,0.375,0.2,50,0,163289613.0
0.5,0.4,0.2,50,0,181585667.0
0.5,0.425,0.2,50,0,200567241.0
0.5,0.45,0.2,50,0,220240805.0
0.5,0.475,0.2,50,0,240357870.0
0.5,0.5,0.2,50,0,261000348.0
0.5,0.0,0.2,60,0,121883431.0
0.5,0.025,0.2,60,0,90674783.0
0.5,0.05,0.2,60,0,88900277.0
0.5,0.075,0.2,60,0,87083168.0
0.5,0.1,0.2,60,0,85852216.0
0.5,0.125,0.2,60,0,85053584.0
0.5,0.15,0.2,60,0,84884506.0
0.5,0.175,0.2,60,0,83291027.0
0.5,0.2,0.2,60,0,80297404.0
0.5,0.225,0.2,60,0,90875395.0
0.5,0.25,0.2,60,0,103662395.0
0.5,0.275,0.2,60,0,118570857.0
0.5,0.3,0.2,60,0,135315611.0
0.5,0.325,0.2,60,0,153671775.0
0.5,0.35,0.2,60,0,173405340.0
0.5,0.375,0.2,60,0,194205543.0
0.5,0.4,0.2,60,0,216075027.0
0.5,0.425,0.2,60,0,238763861.0
0.5,0.45,0.2,60,0,262279985.0
0.5,0.475,0.2,60,0,286326150.0
0.5,0.5,0.2,60,0,311000348.0
0.5,0.0,0.2,70,0,128720681.0
0.5,0.025,0.2,70,0,97873610.0
0.5,0.05,0.2,70,0,96481265.0
0.5,0.075,0.2,70,0,95084873.0
0.5,0.1,0.2,70,0,94347075.0
0.5,0.125,0.2,70,0,94153564.0
0.5,0.15,0.2,70,0,94773402.0
0.5,0.175,0.2,70,0,94231050.0
0.5,0.2,0.2,70,0,92600934.0
0.5,0.225,0.2,70,0,104907355.0
0.5,0.25,0.2,70,0,119783755.0
0.5,0.275,0.2,70,0,137128187.0
0.5,0.3,0.2,70,0,156609041.0
0.5,0.325,0.2,70,0,177964605.0
0.5,0.35,0.2,70,0,200922610.0
0.5,0.375,0.2,70,0,225121473.0
0.5,0.4,0.2,70,0,250564387.0
0.5,0.425,0.2,70,0,276960481.0
0.5,0.45,0.2,70,0,304319165.0
0.5,0.475,0.2,70,0,332294430.0
0.5,0.5,0.2,70,0,361000348.0
0.5,0.0,0.2,80,0,135557931.0
0.5,0.025,0.2,80,0,105072752.0
0.5,0.05,0.2,80,0,104062719.0
0.5,0.075,0.2,80,0,103087056.0
0.5,0.1,0.2,80,0,102842330.0
0.5,0.125,0.2,80,0,103253865.0
0.5,0.15,0.2,80,0,104662467.0
0.5,0.175,0.2,80,0,105171102.0
0.5,0.2,0.2,80,0,104904464.0
0.5,0.225,0.2,80,0,118939315.0
0.5,0.25,0.2,80,0,135905115.0
0.5,0.275,0.2,80,0,155685517.0
0.5,0.3,0.2,80,0,177902471.0
0.5,0.325,0.2,80,0,202257435.0
0.5,0.35,0.2,80,0,228439880.0
0.5,0.375,0.2,80,0,256037403.0
0.5,0.4,0.2,80,0,285053747.0
0.5,0.425,0.2,80,0,315157101.0
0.5,0.45,0.2,80,0,346358345.0
0.5,0.475,0.2,80,0,378262710.0
0.5,0.5,0.2,80,0,411000348.0
0.5,0.0,0.2,90,0,142395181.0
0.5,0.025,0.2,90,0,112271967.0
0.5,0.05,0.2,90,0,111644209.0
0.5,0.075,0.2,90,0,111089290.0
0.5,0.1,0.2,90,0,111337633.0
0.5,0.125,0.2,90,0,112354213.0
0.5,0.15,0.2,90,0,114551566.0
0.5,0.175,0.2,90,0,116111167.0
0.5,0.2,0.2,90,0,117207994.0
0.5,0.225,0.2,90,0,132971275.0
0.5,0.25,0.2,90,0,152026475.0
0.5,0.275,0.2,90,0,174242847.0
0.5,0.3,0.2,90,0,199195901.0
0.5,0.325,0.2,90,0,226550265.0
0.5,0.35,0.2,90,0,255957150.0
0.5,0.375,0.2,90,0,286953333.0
0.5,0.4,0.2,90,0,319543107.0
0.5,0.425,0.2,90,0,353353721.0
0.5,0.45,0.2,90,0,388397525.0
0.5,0.475,0.2,90,0,424230990.0
0.5,0.5,0.2,90,0,461000348.0
0.5,0.0,0.2,100,0,149232431.0
0.5,0.025,0.2,100,0,119471229.0
0.5,0.05,0.2,100,0,119225719.0
0.5,0.075,0.2,100,0,119091555.0
0.5,0.1,0.2,100,0,119832953.0
0.5,0.125,0.2,100,0,121454584.0
0.5,0.15,0.2,100,0,124440668.0
0.5,0.175,0.2,100,0,127051237.0
0.5,0.2,0.2,100,0,129511524.0
0.5,0.225,0.2,100,0,147003235.0
0.5,0.25,0.2,100,0,168147835.0
0.5,0.275,0.2,100,0,192800177.0
0.5,0.3,0.2,100,0,220489331.0
0.5,0.325,0.2,100,0,250843095.0
0.5,0.35,0.2,100,0,283474420.0
0.5,0.375,0.2,100,0,317869263.0
0.5,0.4,0.2,100,0,354032467.0
0.5,0.425,0.2,100,0,391550341.0
0.5,0.45,0.2,100,0,430436705.0
0.5,0.475,0.2,100,0,470199270.0
0.5,0.5,0.2,100,0,511000348.0
0.5,0.0,0.5,10,0,88433512.0
0.5,0.025,0.5,10,0,61770196.0
0.5,0.05,0.5,10,0,63023391.0
0.5,0.075,0.5,10,0,64312728.0
0.5,0.1,0.5,10,0,66112268.0
0.5,0.125,0.5,10,0,68901433.0
0.5,0.15,0.5,10,0,72003530.0
0.5,0.175,0.5,10,0,75492741.0
0.5,0.2,0.5,10,0,77580066.0
0.5,0.225,0.5,10,0,77746849.0
0.5,0.25,0.5,10,0,76443446.0
0.5,0.275,0.5,10,0,74785964.0
0.5,0.3,0.5,10,0,71705956.0
0.5,0.325,0.5,10,0,68897668.0
0.5,0.35,0.5,10,0,67320183.0
0.5,0.375,0.5,10,0,66713921.0
0.5,0.4,0.5,10,0,67534714.0
0.5,0.425,0.5,10,0,66691806.0
0.5,0.45,0.5,10,0,65785952.0
0.5,0.475,0.5,10,0,64295431.0
0.5,0.5,0.5,10,0,62500504.0
0.5,0.0,0.5,20,0,95270762.0
0.5,0.025,0.5,20,0,68184591.0
0.5,0.05,0.5,20,0,69855593.0
0.5,0.075,0.5,20,0,71604668.0
0.5,0.1,0.5,20,0,73937446.0
0.5,0.125,0.5,20,0,77371987.0
0.5,0.15,0.5,20,0,81296249.0
0.5,0.175,0.5,20,0,85848000.0
0.5,0.2,0.5,20,0,89301879.0
0.5,0.225,0.5,20,0,91223304.0
0.5,0.25,0.5,20,0,92060238.0
0.5,0.275,0.5,20,0,92904734.0
0.5,0.3,0.5,20,0,92636524.0
0.5,0.325,0.5,20,0,92891977.0
0.5,0.35,0.5,20,0,94587019.0
0.5,0.375,0.5,20,0,97434817.0
0.5,0.4,0.5,20,0,101876731.0
0.5,0.425,0.5,20,0,104793854.0
0.5,0.45,0.5,20,0,107776852.0
0.5,0.475,0.5,20,0,110252751.0
0.5,0.5,0.5,20,0,112500504.0
0.5,0.0,0.5,30,0,102108012.0
0.5,0.025,0.5,30,0,75133854.0
0.5,0.05,0.5,30,0,77216385.0
0.5,0.075,0.5,30,0,79409288.0
0.5,0.1,0.5,30,0,82252247.0
0.5,0.125,0.5,30,0,86304986.0
0.5,0.15,0.5,30,0,91028382.0
0.5,0.175,0.5,30,0,96629450.0
0.5,0.2,0.5,30,0,101445812.0
0.5,0.225,0.5,30,0,105103397.0
0.5,0.25,0.5,30,0,108041029.0
0.5,0.275,0.5,30,0,111343403.0
0.5,0.3,0.5,30,0,113835185.0
0.5,0.325,0.5,30,0,117106996.0
0.5,0.35,0.5,30,0,122038661.0
0.5,0.375,0.5,30,0,128299351.0
0.5,0.4,0.5,30,0,136323136.0
0.5,0.425,0.5,30,0,142961880.0
0.5,0.45,0.5,30,0,149801135.0
0.5,0.475,0.5,30,0,156217528.0
0.5,0.5,0.5,30,0,162500504.0
0.5,0.0,0.5,40,0,108945262.0
0.5,0.025,0.5,40,0,82261774.0
0.5,0.05,0.5,40,0,84729831.0
0.5,0.075,0.5,40,0,87344134.0
0.5,0.1,0.5,40,0,90681106.0
0.5,0.125,0.5,40,0,95339314.0
0.5,0.15,0.5,40,0,100852629.0
0.5,0.175,0.5,40,0,107498824.0
0.5,0.2,0.5,40,0,113675016.0
0.5,0.225,0.5,40,0,119065404.0
0.5,0.25,0.5,40,0,124102246.0
0.5,0.275,0.5,40,0,129850883.0
0.5,0.3,0.5,40,0,135089452.0
0.5,0.325,0.5,40,0,141365984.0
0.5,0.35,0.5,40,0,149524163.0
0.5,0.375,0.5,40,0,159188738.0
0.5,0.4,0.5,40,0,170788994.0
0.5,0.425,0.5,40,0,181141918.0
0.5,0.45,0.5,40,0,191831214.0
0.5,0.475,0.5,40,0,202183593.0
0.5,0.5,0.5,40,0,212500504.0
0.5,0.0,0.5,50,0,115782512.0
0.5,0.025,0.5,50,0,89433744.0
0.5,0.05,0.5,50,0,92282389.0
0.5,0.075,0.5,50,0,95317237.0
0.5,0.1,0.5,50,0,99146807.0
0.5,0.125,0.5,50,0,104408995.0
0.5,0.15,0.5,50,0,110710718.0
0.5,0.175,0.5,50,0,118402324.0
0.5,0.2,0.5,50,0,125936671.0
0.5,0.225,0.5,50,0,133058003.0
0.5,0.25,0.5,50,0,140189598.0
0.5,0.275,0.5,50,0,148378974.0
0.5,0.3,0.5,50,0,156358519.0
0.5,0.325,0.5,50,0,165635156.0
0.5,0.35,0.5,50,0,177016803.0
0.5,0.375,0.5,50,0,190082848.0
0.5,0.4,0.5,50,0,205258130.0
0.5,0.425,0.5,50,0,219323520.0
0.5,0.45,0.5,50,0,233861810.0
0.5,0.475,0.5,50,0,248149753.0
0.5,0.5,0.5,50,0,262500504.0
0.5,0.0,0.5,60,0,122619762.0
0.5,0.025,0.5,60,0,96616035.0
0.5,0.05,0.5,60,0,99846492.0
0.5,0.075,0.5,60,0,103302828.0
0.5,0.1,0.5,60,0,107624635.0
0.5,0.125,0.5,60,0,113491311.0
0.5,0.15,0.5,60,0,120580613.0
0.5,0.175,0.5,60,0,129318284.0
0.5,0.2,0.5,60,0,138212061.0
0.5,0.225,0.5,60,0,147063657.0
0.5,0.25,0.5,60,0,156288878.0
0.5,0.275,0.5,60,0,166916857.0
0.5,0.3,0.5,60,0,177635323.0
0.5,0.325,0.5,60,0,189912330.0
0.5,0.35,0.5,60,0,204517942.0
0.5,0.375,0.5,60,0,220984935.0
0.5,0.4,0.5,60,0,239735815.0
0.5,0.425,0.5,60,0,257512198.0
0.5,0.45,0.5,60,0,275896898.0
0.5,0.475,0.5,60,0,294117223.0
0.5,0.5,0.5,60,0,312500504.0
0.5,0.0,0.5,70,0,129457012.0
0.5,0.025,0.5,70,0,103807978.0
0.5,0.05,0.5,70,0,107418665.0
0.5,0.075,0.5,70,0,111295307.0
0.5,0.1,0.5,70,0,116109215.0
0.5,0.125,0.5,70,0,122580449.0
0.5,0.15,0.5,70,0,130457513.0
0.5,0.175,0.5,70,0,140242058.0
0.5,0.2,0.5,70,0,150496355.0
0.5,0.225,0.5,70,0,161078375.0
0.5,0.25,0.5,70,0,172397070.0
0.5,0.275,0.5,70,0,185463489.0
0.5,0.3,0.5,70,0,198919959.0
0.5,0.325,0.5,70,0,214197749.0
0.5,0.35,0.5,70,0,232027981.0
0.5,0.375,0.5,70,0,251895229.0
0.5,0.4,0.5,70,0,274221160.0
0.5,0.425,0.5,70,0,295706368.0
0.5,0.45,0.5,70,0,317935213.0
0.5,0.475,0.5,70,0,340085343.0
0.5,0.5,0.5,70,0,362500504.0
0.5,0.0,0.5,80,0,136294262.0
0.5,0.025,0.5,80,0,111001082.0
0.5,0.05,0.5,80,0,114993239.0
0.5,0.075,0.5,80,0,119290867.0
0.5,0.1,0.5,80,0,124597878.0
0.5,0.125,0.5,80,0,131673969.0
0.5,0.15,0.5,80,0,140339089.0
0.5,0.175,0.5,80,0,151171779.0
0.5,0.2,0.5,80,0,162787126.0
0.5,0.225,0.5,80,0,175099510.0
0.5,0.25,0.5,80,0,188511468.0
0.5,0.275,0.5,80,0,204016384.0
0.5,0.3,0.5,80,0,220210445.0
0.5,0.325,0.5,80,0,238488211.0
0.5,0.35,0.5,80,0,259543089.0
0.5,0.375,0.5,80,0,282809227.0
0.5,0.4,0.5,80,0,308709075.0
0.5,0.425,0.5,80,0,333901748.0
0.5,0.45,0.5,80,0,359973933.0
0.5,0.475,0.5,80,0,386053503.0
0.5,0.5,0.5,80,0,412500504.0
0.5,0.0,0.5,90,0,143131512.0
0.5,0.025,0.5,90,0,118195463.0
0.5,0.05,0.5,90,0,122569730.0
0.5,0.075,0.5,90,0,127288330.0
0.5,0.1,0.5,90,0,133088194.0
0.5,0.125,0.5,90,0,140769163.0
0.5,0.15,0.5,90,0,150222445.0
0.5,0.175,0.5,90,0,162103566.0
0.5,0.2,0.5,90,0,175079979.0
0.5,0.225,0.5,90,0,189122020.0
0.5,0.25,0.5,90,0,204626567.0
0.5,0.275,0.5,90,0,222569977.0
0.5,0.3,0.5,90,0,241501264.0
0.5,0.325,0.5,90,0,262778964.0
0.5,0.35,0.5,90,0,287058444.0
0.5,0.375,0.5,90,0,313723384.0
0.5,0.4,0.5,90,0,343197025.0
0.5,0.425,0.5,90,0,372097138.0
0.5,0.45,0.5,90,0,402012653.0
0.5,0.475,0.5,90,0,432021663.0
0.5,0.5,0.5,90,0,462500504.0
0.5,0.0,0.5,100,0,149968762.0
0.5,0.025,0.5,100,0,125390941.0
0.5,0.05,0.5,100,0,130147758.0
0.5,0.075,0.5,100,0,135287250.0
0.5,0.1,0.5,100,0,141579789.0
0.5,0.125,0.5,100,0,149865655.0
0.5,0.15,0.5,100,0,160107113.0
0.5,0.175,0.5,100,0,173036650.0
0.5,0.2,0.5,100,0,187374033.0
0.5,0.225,0.5,100,0,203145148.0
0.5,0.25,0.5,100,0,220742066.0
0.5,0.275,0.5,100,0,241123897.0
0.5,0.3,0.5,100,0,262792274.0
0.5,0.325,0.5,100,0,287069969.0
0.5,0.35,0.5,100,0,314573929.0
0.5,0.375,0.5,100,0,344637639.0
0.5,0.4,0.5,100,0,377684985.0
0.5,0.425,0.5,100,0,410292528.0
0.5,0.45,0.5,100,0,444051373.0
0.5,0.475,0.5,100,0,477989823.0
0.5,0.5,0.5,100,0,512500504.0
0.6,0.0,0.2,10,0,69971251.0
0.6,0.03,0.2,10,0,44970070.0
0.6,0.06,0.2,10,0,40993592.0
0.6,0.09,0.2,10,0,35809084.0
0.6,0.12,0.2,10,0,29582152.0
0.6,0.15,0.2,10,0,22227159.0
0.6,0.18,0.2,10,0,18398720.0
0.6,0.2,0.2,10,0,14436340.0
0.6,0.21,0.2,10,0,14685280.0
0.6,0.24,0.2,10,0,15620695.0
0.6,0.27,0.2,10,0,16933288.0
0.6,0.3,0.2,10,0,18748316.0
0.6,0.33,0.2,10,0,21140283.0
0.6,0.36,0.2,10,0,24107822.0
0.6,0.39,0.2,10,0,27589931.0
0.6,0.42,0.2,10,0,31514609.0
0.6,0.45,0.2,10,0,35827993.0
0.6,0.48,0.2,10,0,40440137.0
0.6,0.51,0.2,10,0,45313741.0
0.6,0.54,0.2,10,0,50374915.0
0.6,0.57,0.2,10,0,55617418.0
0.6,0.6,0.2,10,0,60999848.0
0.6,0.0,0.2,20,0,75379611.0
0.6,0.03,0.2,20,0,50767213.0
0.6,0.06,0.2,20,0,47191437.0
0.6,0.09,0.2,20,0,42415502.0
0.6,0.12,0.2,20,0,36613218.0
0.6,0.15,0.2,20,0,29728829.0
0.6,0.18,0.2,20,0,26420560.0
0.6,0.2,0.2,20,0,22861430.0
0.6,0.21,0.2,20,0,23332680.0
0.6,0.24,0.2,20,0,25103365.0
0.6,0.27,0.2,20,0,27587908.0
0.6,0.3,0.2,20,0,31023796.0
0.6,0.33,0.2,20,0,35551413.0
0.6,0.36,0.2,20,0,41168442.0
0.6,0.39,0.2,20,0,47759541.0
0.6,0.42,0.2,20,0,55188239.0
0.6,0.45,0.2,20,0,63352883.0
0.6,0.48,0.2,20,0,72082997.0
0.6,0.51,0.2,20,0,81308081.0
0.6,0.54,0.2,20,0,90888155.0
0.6,0.57,0.2,20,0,100811718.0
0.6,0.6,0.2,20,0,110999848.0
0.6,0.0,0.2,30,0,80787971.0
0.6,0.03,0.2,30,0,56573027.0
0.6,0.06,0.2,30,0,53401720.0
0.6,0.09,0.2,30,0,49037623.0
0.6,0.12,0.2,30,0,43660635.0
0.6,0.15,0.2,30,0,37238325.0
0.6,0.18,0.2,30,0,34444347.0
0.6,0.2,0.2,30,0,31286520.0
0.6,0.21,0.2,30,0,31980080.0
0.6,0.24,0.2,30,0,34586035.0
0.6,0.27,0.2,30,0,38242528.0
0.6,0.3,0.2,30,0,43299276.0
0.6,0.33,0.2,30,0,49962543.0
0.6,0.36,0.2,30,0,58229062.0
0.6,0.39,0.2,30,0,67929151.0
0.6,0.42,0.2,30,0,78861869.0
0.6,0.45,0.2,30,0,90877773.0
0.6,0.48,0.2,30,0,103725857.0
0.6,0.51,0.2,30,0,117302421.0
0.6,0.54,0.2,30,0,131401395.0
0.6,0.57,0.2,30,0,146006018.0
0.6,0.6,0.2,30,0,160999848.0
0.6,0.0,0.2,40,0,86196331.0
0.6,0.03,0.2,40,0,62381717.0
0.6,0.06,0.2,40,0,59618394.0
0.6,0.09,0.2,40,0,55668438.0
0.6,0.12,0.2,40,0,50715699.0
0.6,0.15,0.2,40,0,44749971.0
0.6,0.18,0.2,40,0,42468554.0
0.6,0.2,0.2,40,0,39711610.0
0.6,0.21,0.2,40,0,40627480.0
0.6,0.24,0.2,40,0,44068705.0
0.6,0.27,0.2,40,0,48897148.0
0.6,0.3,0.2,40,0,55574756.0
0.6,0.33,0.2,40,0,64373673.0
0.6,0.36,0.2,40,0,75289682.0
0.6,0.39,0.2,40,0,88098761.0
0.6,0.42,0.2,40,0,102535499.0
0.6,0.45,0.2,40,0,118402663.0
0.6,0.48,0.2,40,0,135368717.0
0.6,0.51,0.2,40,0,153296761.0
0.6,0.54,0.2,40,0,171914635.0
0.6,0.57,0.2,40,0,191200318.0
0.6,0.6,0.2,40,0,210999848.0
0.6,0.0,0.2,50,0,91604691.0
0.6,0.03,0.2,50,0,68191969.0
0.6,0.06,0.2,50,0,65837497.0
0.6,0.09,0.2,50,0,62302148.0
0.6,0.12,0.2,50,0,57772914.0
0.6,0.15,0.2,50,0,52262102.0
0.6,0.18,0.2,50,0,50492864.0
0.6,0.2,0.2,50,0,48136700.0
0.6,0.21,0.2,50,0,49274880.0
0.6,0.24,0.2,50,0,53551375.0
0.6,0.27,0.2,50,0,59551768.0
0.6,0.3,0.2,50,0,67850236.0
0.6,0.33,0.2,50,0,78784803.0
0.6,0.36,0.2,50,0,92350302.0
0.6,0.39,0.2,50,0,108268371.0
0.6,0.42,0.2,50,0,126209129.0
0.6,0.45,0.2,50,0,145927553.0
0.6,0.48,0.2,50,0,167011577.0
0.6,0.51,0.2,50,0,189291101.0
0.6,0.54,0.2,50,0,212427875.0
0.6,0.57,0.2,50,0,236394618.0
0.6,0.6,0.2,50,0,260999848.0
0.6,0.0,0.2,60,0,97013051.0
0.6,0.03,0.2,60,0,74002832.0
0.6,0.06,0.2,60,0,72057559.0
0.6,0.09,0.2,60,0,68937018.0
0.6,0.12,0.2,60,0,64831268.0
0.6,0.15,0.2,60,0,59774580.0
0.6,0.18,0.2,60,0,58517259.0
0.6,0.2,0.2,60,0,56561790.0
0.6,0.21,0.2,60,0,57922280.0
0.6,0.24,0.2,60,0,63034045.0
0.6,0.27,0.2,60,0,70206388.0
0.6,0.3,0.2,60,0,80125716.0
0.6,0.33,0.2,60,0,93195933.0
0.6,0.36,0.2,60,0,109410922.0
0.6,0.39,0.2,60,0,128437981.0
0.6,0.42,0.2,60,0,149882759.0
0.6,0.45,0.2,60,0,173452443.0
0.6,0.48,0.2,60,0,198654437.0
0.6,0.51,0.2,60,0,225285441.0
0.6,0.54,0.2,60,0,252941115.0
0.6,0.57,0.2,60,0,281588918.0
0.6,0.6,0.2,60,0,310999848.0
0.6,0.0,0.2,70,0,102421411.0
0.6,0.03,0.2,70,0,79814126.0
0.6,0.06,0.2,70,0,78278157.0
0.6,0.09,0.2,70,0,75572592.0
0.6,0.12,0.2,70,0,71890432.0
0.6,0.15,0.2,70,0,67287340.0
0.6,0.18,0.2,70,0,66541704.0
0.6,0.2,0.2,70,0,64986880.0
0.6,0.21,0.2,70,0,66569680.0
0.6,0.24,0.2,70,0,72516715.0
0.6,0.27,0.2,70,0,80861008.0
0.6,0.3,0.2,70,0,92401196.0
0.6,0.33,0.2,70,0,107607063.0
0.6,0.36,0.2,70,0,126471542.0
0.6,0.39,0.2,70,0,148607591.0
0.6,0.42,0.2,70,0,173556389.0
0.6,0.45,0.2,70,0,200977333.0
0.6,0.48,0.2,70,0,230297297.0
0.6,0.51,0.2,70,0,261279781.0
0.6,0.54,0.2,70,0,293454355.0
0.6,0.57,0.2,70,0,326783218.0
0.6,0.6,0.2,70,0,360999848.0
0.6,0.0,0.2,80,0,107829771.0
0.6,0.03,0.2,80,0,85625853.0
0.6,0.06,0.2,80,0,84499288.0
0.6,0.09,0.2,80,0,82208712.0
0.6,0.12,0.2,80,0,78949872.0
0.6,0.15,0.2,80,0,74800160.0
0.6,0.18,0.2,80,0,74566154.0
0.6,0.2,0.2,80,0,73411970.0
0.6,0.21,0.2,80,0,75217080.0
0.6,0.24,0.2,80,0,81999385.0
0.6,0.27,0.2,80,0,91515628.0
0.6,0.3,0.2,80,0,104676676.0
0.6,0.33,0.2,80,0,122018193.0
0.6,0.36,0.2,80,0,143532162.0
0.6,0.39,0.2,80,0,168777201.0
0.6,0.42,0.2,80,0,197230019.0
0.6,0.45,0.2,80,0,228502223.0
0.6,0.48,0.2,80,0,261940157.0
0.6,0.51,0.2,80,0,297274121.0
0.6,0.54,0.2,80,0,333967595.0
0.6,0.57,0.2,80,0,371977518.0
0.6,0.6,0.2,80,0,410999848.0
0.6,0.0,0.2,90,0,113238131.0
0.6,0.03,0.2,90,0,91437700.0
0.6,0.06,0.2,90,0,90720456.0
0.6,0.09,0.2,90,0,88844832.0
0.6,0.12,0.2,90,0,86009312.0
0.6,0.15,0.2,90,0,82312980.0
0.6,0.18,0.2,90,0,82590604.0
0.6,0.2,0.2,90,0,81837060.0
0.6,0.21,0.2,90,0,83864480.0
0.6,0.24,0.2,90,0,91482055.0
0.6,0.27,0.2,90,0,102170248.0
0.6,0.3,0.2,90,0,116952156.0
0.6,0.33,0.2,90,0,136429323.0
0.6,0.36,0.2,90,0,160592782.0
0.6,0.39,0.2,90,0,188946811.0
0.6,0.42,0.2,90,0,220903649.0
0.6,0.45,0.2,90,0,256027113.0
0.6,0.48,0.2,90,0,293583017.0
0.6,0.51,0.2,90,0,333268461.0
0.6,0.54,0.2,90,0,374480835.0
0.6,0.57,0.2,90,0,417171818.0
0.6,0.6,0.2,90,0,460999848.0
0.6,0.0,0.2,100,0,118646491.0
0.6,0.03,0.2,100,0,97249594.0
0.6,0.06,0.2,100,0,96941646.0
0.6,0.09,0.2,100,0,95480954.0
0.6,0.12,0.2,100,0,93068754.0
0.6,0.15,0.2,100,0,89825800.0
0.6,0.18,0.2,100,0,90615054.0
0.6,0.2,0.2,100,0,90262150.0
0.6,0.21,0.2,100,0,92511880.0
0.6,0.24,0.2,100,0,100964725.0
0.6,0.27,0.2,100,0,112824868.0
0.6,0.3,0.2,100,0,129227636.0
0.6,0.33,0.2,100,0,150840453.0
0.6,0.36,0.2,100,0,177653402.0
0.6,0.39,0.2,100,0,209116421.0
0.6,0.42,0.2,100,0,244577279.0
0.6,0.45,0.2,100,0,283552003.0
0.6,0.48,0.2,100,0,325225877.0
0.6,0.51,0.2,100,0,369262801.0
0.6,0.54,0.2,100,0,414994075.0
0.6,0.57,0.2,100,0,462366118.0
0.6,0.6,0.2,100,0,510999848.0
0.6,0.0,0.5,10,0,70283490.0
0.6,0.03,0.5,10,0,51782082.0
0.6,0.06,0.5,10,0,52883372.0
0.6,0.09,0.5,10,0,53595764.0
0.6,0.12,0.5,10,0,54013159.0
0.6,0.15,0.5,10,0,54393149.0
0.6,0.18,0.5,10,0,54848951.0
0.6,0.21,0.5,10,0,55744184.0
0.6,0.24,0.5,10,0,58015814.0
0.6,0.27,0.5,10,0,60378786.0
0.6,0.3,0.5,10,0,60586232.0
0.6,0.33,0.5,10,0,58919505.0
0.6,0.36,0.5,10,0,55851140.0
0.6,0.39,0.5,10,0,52342759.0
0.6,0.42,0.5,10,0,52339723.0
0.6,0.45,0.5,10,0,49849824.0
0.6,0.48,0.5,10,0,46979004.0
0.6,0.5,0.5,10,0,44705524.0
0.6,0.51,0.5,10,0,46392798.0
0.6,0.54,0.5,10,0,51589649.0
0.6,0.57,0.5,10,0,56972888.0
0.6,0.6,0.5,10,0,62499683.0
0.6,0.0,0.5,20,0,75691850.0
0.6,0.03,0.5,20,0,57008401.0
0.6,0.06,0.5,20,0,58526429.0
0.6,0.09,0.5,20,0,59675353.0
0.6,0.12,0.5,20,0,60542123.0
0.6,0.15,0.5,20,0,61414876.0
0.6,0.18,0.5,20,0,62425062.0
0.6,0.21,0.5,20,0,63986277.0
0.6,0.24,0.5,20,0,67123170.0
0.6,0.27,0.5,20,0,70666580.0
0.6,0.3,0.5,20,0,72518594.0
0.6,0.33,0.5,20,0,73033057.0
0.6,0.36,0.5,20,0,72676282.0
0.6,0.39,0.5,20,0,72335001.0
0.6,0.42,0.5,20,0,75897011.0
0.6,0.45,0.5,20,0,77321983.0
0.6,0.48,0.5,20,0,78613888.0
0.6,0.5,0.5,20,0,79232804.0
0.6,0.51,0.5,20,0,82387138.0
0.6,0.54,0.5,20,0,92102889.0
0.6,0.57,0.5,20,0,102167188.0
0.6,0.6,0.5,20,0,112499683.0
0.6,0.0,0.5,30,0,81100210.0
0.6,0.03,0.5,30,0,62564851.0
0.6,0.06,0.5,30,0,64514621.0
0.6,0.09,0.5,30,0,66103666.0
0.6,0.12,0.5,30,0,67413533.0
0.6,0.15,0.5,30,0,68758184.0
0.6,0.18,0.5,30,0,70298120.0
0.6,0.21,0.5,30,0,72499748.0
0.6,0.24,0.5,30,0,76484072.0
0.6,0.27,0.5,30,0,81202429.0
0.6,0.3,0.5,30,0,84682116.0
0.6,0.33,0.5,30,0,87352742.0
0.6,0.36,0.5,30,0,89667579.0
0.6,0.39,0.5,30,0,92454916.0
0.6,0.42,0.5,30,0,99535759.0
0.6,0.45,0.5,30,0,104829695.0
0.6,0.48,0.5,30,0,110254243.0
0.6,0.5,0.5,30,0,113760084.0
0.6,0.51,0.5,30,0,118381478.0
0.6,0.54,0.5,30,0,132616129.0
0.6,0.57,0.5,30,0,147361488.0
0.6,0.6,0.5,30,0,162499683.0
0.6,0.0,0.5,40,0,86508570.0
0.6,0.03,0.5,40,0,68289651.0
0.6,0.06,0.5,40,0,70651475.0
0.6,0.09,0.5,40,0,72660949.0
0.6,0.12,0.5,40,0,74398843.0
0.6,0.15,0.5,40,0,76200793.0
0.6,0.18,0.5,40,0,78258871.0
0.6,0.21,0.5,40,0,81089172.0
0.6,0.24,0.5,40,0,85914234.0
0.6,0.27,0.5,40,0,91803414.0
0.6,0.3,0.5,40,0,96905606.0
0.6,0.33,0.5,40,0,101721437.0
0.6,0.36,0.5,40,0,106694312.0
0.6,0.39,0.5,40,0,112598319.0
0.6,0.42,0.5,40,0,123189856.0
0.6,0.45,0.5,40,0,132344496.0
0.6,0.48,0.5,40,0,141895469.0
0.6,0.5,0.5,40,0,148287364.0
0.6,0.51,0.5,40,0,154375818.0
0.6,0.54,0.5,40,0,173129369.0
0.6,0.57,0.5,40,0,192555788.0
0.6,0.6,0.5,40,0,212499683.0
0.6,0.0,0.5,50,0,91916930.0
0.6,0.03,0.5,50,0,74068072.0
0.6,0.06,0.5,50,0,76837051.0
0.6,0.09,0.5,50,0,79262130.0
0.6,0.12,0.5,50,0,81424699.0
0.6,0.15,0.5,50,0,83679093.0
0.6,0.18,0.5,50,0,86251878.0
0.6,0.21,0.5,50,0,89705404.0
0.6,0.24,0.5,50,0,95366486.0
0.6,0.27,0.5,50,0,102424599.0
0.6,0.3,0.5,50,0,109148057.0
0.6,0.33,0.5,50,0,116102717.0
0.6,0.36,0.5,50,0,123728820.0
0.6,0.39,0.5,50,0,132745612.0
0.6,0.42,0.5,50,0,146846419.0
0.6,0.45,0.5,50,0,159860341.0
0.6,0.48,0.5,50,0,173536719.0
0.6,0.5,0.5,50,0,182814644.0
0.6,0.51,0.5,50,0,190370158.0
0.6,0.54,0.5,50,0,213642609.0
0.6,0.57,0.5,50,0,237750088.0
0.6,0.6,0.5,50,0,262499683.0
0.6,0.0,0.5,60,0,97325290.0
0.6,0.03,0.5,60,0,79858884.0
0.6,0.06,0.5,60,0,83036665.0
0.6,0.09,0.5,60,0,85877269.0
0.6,0.12,0.5,60,0,88464470.0
0.6,0.15,0.5,60,0,91171392.0
0.6,0.18,0.5,60,0,94256826.0
0.6,0.21,0.5,60,0,98332693.0
0.6,0.24,0.5,60,0,104828816.0
0.6,0.27,0.5,60,0,113056112.0
0.6,0.3,0.5,60,0,121401207.0
0.6,0.33,0.5,60,0,130494617.0
0.6,0.36,0.5,60,0,140772944.0
0.6,0.39,0.5,60,0,152902066.0
0.6,0.42,0.5,60,0,170510833.0
0.6,0.45,0.5,60,0,187381031.0
0.6,0.48,0.5,60,0,205178944.0
0.6,0.5,0.5,60,0,217341924.0
0.6,0.51,0.5,60,0,226364498.0
0.6,0.54,0.5,60,0,254155849.0
0.6,0.57,0.5,60,0,282944388.0
0.6,0.6,0.5,60,0,312499683.0
0.6,0.0,0.5,70,0,102733650.0
0.6,0.03,0.5,70,0,85662225.0
0.6,0.06,0.5,70,0,89246729.0
0.6,0.09,0.5,70,0,92501802.0
0.6,0.12,0.5,70,0,95512706.0
0.6,0.15,0.5,70,0,98671750.0
0.6,0.18,0.5,70,0,102269393.0
0.6,0.21,0.5,70,0,106968539.0
0.6,0.24,0.5,70,0,114299481.0
0.6,0.27,0.5,70,0,123697051.0
0.6,0.3,0.5,70,0,133663765.0
0.6,0.33,0.5,70,0,144896009.0
0.6,0.36,0.5,70,0,157826138.0
0.6,0.39,0.5,70,0,173066798.0
0.6,0.42,0.5,70,0,194181428.0
0.6,0.45,0.5,70,0,214904986.0
0.6,0.48,0.5,70,0,236821694.0
0.6,0.5,0.5,70,0,251869204.0
0.6,0.51,0.5,70,0,262358838.0
0.6,0.54,0.5,70,0,294669089.0
0.6,0.57,0.5,70,0,328138688.0
0.6,0.6,0.5,70,0,362499683.0
0.6,0.0,0.5,80,0,108142010.0
0.6,0.03,0.5,80,0,91466796.0
0.6,0.06,0.5,80,0,95459703.0
0.6,0.09,0.5,80,0,99130017.0
0.6,0.12,0.5,80,0,102565100.0
0.6,0.15,0.5,80,0,106177447.0
0.6,0.18,0.5,80,0,110287819.0
0.6,0.21,0.5,80,0,115610422.0
0.6,0.24,0.5,80,0,123775776.0
0.6,0.27,0.5,80,0,134344312.0
0.6,0.3,0.5,80,0,145932405.0
0.6,0.33,0.5,80,0,159302844.0
0.6,0.36,0.5,80,0,174884192.0
0.6,0.39,0.5,80,0,193234693.0
0.6,0.42,0.5,80,0,217853648.0
0.6,0.45,0.5,80,0,242429336.0
0.6,0.48,0.5,80,0,268464484.0
0.6,0.5,0.5,80,0,286396484.0
0.6,0.51,0.5,80,0,298353178.0
0.6,0.54,0.5,80,0,335182329.0
0.6,0.57,0.5,80,0,373332988.0
0.6,0.6,0.5,80,0,412499683.0
0.6,0.0,0.5,90,0,113550370.0
0.6,0.03,0.5,90,0,97272958.0
0.6,0.06,0.5,90,0,101674891.0
0.6,0.09,0.5,90,0,105760404.0
0.6,0.12,0.5,90,0,109619354.0
0.6,0.15,0.5,90,0,113684776.0
0.6,0.18,0.5,90,0,118307473.0
0.6,0.21,0.5,90,0,124253372.0
0.6,0.24,0.5,90,0,133253128.0
0.6,0.27,0.5,90,0,144992557.0
0.6,0.3,0.5,90,0,158201746.0
0.6,0.33,0.5,90,0,173710139.0
0.6,0.36,0.5,90,0,191942452.0
0.6,0.39,0.5,90,0,213402657.0
0.6,0.42,0.5,90,0,241525903.0
0.6,0.45,0.5,90,0,269953686.0
0.6,0.48,0.5,90,0,300107274.0
0.6,0.5,0.5,90,0,320923764.0
0.6,0.51,0.5,90,0,334347518.0
0.6,0.54,0.5,90,0,375695569.0
0.6,0.57,0.5,90,0,418527288.0
0.6,0.6,0.5,90,0,462499683.0
0.6,0.0,0.5,100,0,118958730.0
0.6,0.03,0.5,100,0,103080529.0
0.6,0.06,0.5,100,0,107891966.0
0.6,0.09,0.5,100,0,112392785.0
0.6,0.12,0.5,100,0,116675042.0
0.6,0.15,0.5,100,0,121193163.0
0.6,0.18,0.5,100,0,126327796.0
0.6,0.21,0.5,100,0,132896934.0
0.6,0.24,0.5,100,0,142731258.0
0.6,0.27,0.5,100,0,155641547.0
0.6,0.3,0.5,100,0,170471420.0
0.6,0.33,0.5,100,0,188117597.0
0.6,0.36,0.5,100,0,209000803.0
0.6,0.39,0.5,100,0,233570687.0
0.6,0.42,0.5,100,0,265198208.0
0.6,0.45,0.5,100,0,297478036.0
0.6,0.48,0.5,100,0,331750064.0
0.6,0.5,0.5,100,0,355451044.0
0.6,0.51,0.5,100,0,370341858.0
0.6,0.54,0.5,100,0,416208809.0
0.6,0.57,0.5,100,0,463721588.0
0.6,0.6,0.5,100,0,512499683.0
0.7,0.0,0.2,10,0,52676436.0
0.7,0.035,0.2,10,0,35848728.0
0.7,0.07,0.2,10,0,32279602.0
0.7,0.105,0.2,10,0,27062708.0
0.7,0.14,0.2,10,0,20316102.0
0.7,0.175,0.2,10,0,14587853.0
0.7,0.2,0.2,10,0,12491858.0
0.7,0.21,0.2,10,0,12651297.0
0.7,0.245,0.2,10,0,13228197.0
0.7,0.28,0.2,10,0,13886115.0
0.7,0.315,0.2,10,0,14728521.0
0.7,0.35,0.2,10,0,15922882.0
0.7,0.385,0.2,10,0,17683468.0
0.7,0.42,0.2,10,0,20197357.0
0.7,0.455,0.2,10,0,23505334.0
0.7,0.49,0.2,10,0,27535407.0
0.7,0.525,0.2,10,0,32183453.0
0.7,0.56,0.2,10,0,37307484.0
0.7,0.595,0.2,10,0,42819979.0
0.7,0.63,0.2,10,0,48644681.0
0.7,0.665,0.2,10,0,54714484.0
0.7,0.7,0.2,10,0,60998786.0
0.7,0.0,0.2,20,0,56680776.0
0.7,0.035,0.2,20,0,40302805.0
0.7,0.07,0.2,20,0,37190403.0
0.7,0.105,0.2,20,0,32438806.0
0.7,0.14,0.2,20,0,26176814.0
0.7,0.175,0.2,20,0,20932385.0
0.7,0.2,0.2,20,0,19180898.0
0.7,0.21,0.2,20,0,19482667.0
0.7,0.245,0.2,20,0,20574717.0
0.7,0.28,0.2,20,0,21820085.0
0.7,0.315,0.2,20,0,23414651.0
0.7,0.35,0.2,20,0,25675322.0
0.7,0.385,0.2,20,0,29008108.0
0.7,0.42,0.2,20,0,33766547.0
0.7,0.455,0.2,20,0,40028014.0
0.7,0.49,0.2,20,0,47656317.0
0.7,0.525,0.2,20,0,56454813.0
0.7,0.56,0.2,20,0,66153834.0
0.7,0.595,0.2,20,0,76588449.0
0.7,0.63,0.2,20,0,87613661.0
0.7,0.665,0.2,20,0,99103024.0
0.7,0.7,0.2,20,0,110998786.0
0.7,0.0,0.2,30,0,60685116.0
0.7,0.035,0.2,30,0,44765825.0
0.7,0.07,0.2,30,0,42113932.0
0.7,0.105,0.2,30,0,37827816.0
0.7,0.14,0.2,30,0,32045831.0
0.7,0.175,0.2,30,0,27278583.0
0.7,0.2,0.2,30,0,25869938.0
0.7,0.21,0.2,30,0,26314037.0
0.7,0.245,0.2,30,0,27921237.0
0.7,0.28,0.2,30,0,29754055.0
0.7,0.315,0.2,30,0,32100781.0
0.7,0.35,0.2,30,0,35427762.0
0.7,0.385,0.2,30,0,40332748.0
0.7,0.42,0.2,30,0,47335737.0
0.7,0.455,0.2,30,0,56550694.0
0.7,0.49,0.2,30,0,67777227.0
0.7,0.525,0.2,30,0,80726173.0
0.7,0.56,0.2,30,0,95000184.0
0.7,0.595,0.2,30,0,110356919.0
0.7,0.63,0.2,30,0,126582641.0
0.7,0.665,0.2,30,0,143491564.0
0.7,0.7,0.2,30,0,160998786.0
0.7,0.0,0.2,40,0,64689456.0
0.7,0.035,0.2,40,0,49232226.0
0.7,0.07,0.2,40,0,47043630.0
0.7,0.105,0.2,40,0,43225004.0
0.7,0.14,0.2,40,0,37918585.0
0.7,0.175,0.2,40,0,33625436.0
0.7,0.2,0.2,40,0,32558978.0
0.7,0.21,0.2,40,0,33145407.0
0.7,0.245,0.2,40,0,35267757.0
0.7,0.28,0.2,40,0,37688025.0
0.7,0.315,0.2,40,0,40786911.0
0.7,0.35,0.2,40,0,45180202.0
0.7,0.385,0.2,40,0,51657388.0
0.7,0.42,0.2,40,0,60904927.0
0.7,0.455,0.2,40,0,73073374.0
0.7,0.49,0.2,40,0,87898137.0
0.7,0.525,0.2,40,0,104997533.0
0.7,0.56,0.2,40,0,123846534.0
0.7,0.595,0.2,40,0,144125389.0
0.7,0.63,0.2,40,0,165551621.0
0.7,0.665,0.2,40,0,187880104.0
0.7,0.7,0.2,40,0,210998786.0
0.7,0.0,0.2,50,0,68693796.0
0.7,0.035,0.2,50,0,53700475.0
0.7,0.07,0.2,50,0,51976403.0
0.7,0.105,0.2,50,0,48625103.0
0.7,0.14,0.2,50,0,43792673.0
0.7,0.175,0.2,50,0,39972550.0
0.7,0.2,0.2,50,0,39248018.0
0.7,0.21,0.2,50,0,39976777.0
0.7,0.245,0.2,50,0,42614277.0
0.7,0.28,0.2,50,0,45621995.0
0.7,0.315,0.2,50,0,49473041.0
0.7,0.35,0.2,50,0,54932642.0
0.7,0.385,0.2,50,0,62982028.0
0.7,0.42,0.2,50,0,74474117.0
0.7,0.455,0.2,50,0,89596054.0
0.7,0.49,0.2,50,0,108019047.0
0.7,0.525,0.2,50,0,129268893.0
0.7,0.56,0.2,50,0,152692884.0
0.7,0.595,0.2,50,0,177893859.0
0.7,0.63,0.2,50,0,204520601.0
0.7,0.665,0.2,50,0,232268644.0
0.7,0.7,0.2,50,0,260998786.0
0.7,0.0,0.2,60,0,72698136.0
0.7,0.035,0.2,60,0,58169334.0
0.7,0.07,0.2,60,0,56910572.0
0.7,0.105,0.2,60,0,54026465.0
0.7,0.14,0.2,60,0,49667497.0
0.7,0.175,0.2,60,0,46319742.0
0.7,0.2,0.2,60,0,45937058.0
0.7,0.21,0.2,60,0,46808147.0
0.7,0.245,0.2,60,0,49960797.0
0.7,0.28,0.2,60,0,53555965.0
0.7,0.315,0.2,60,0,58159171.0
0.7,0.35,0.2,60,0,64685082.0
0.7,0.385,0.2,60,0,74306668.0
0.7,0.42,0.2,60,0,88043307.0
0.7,0.455,0.2,60,0,106118734.0
0.7,0.49,0.2,60,0,128139957.0
0.7,0.525,0.2,60,0,153540253.0
0.7,0.56,0.2,60,0,181539234.0
0.7,0.595,0.2,60,0,211662329.0
0.7,0.63,0.2,60,0,243489581.0
0.7,0.665,0.2,60,0,276657184.0
0.7,0.7,0.2,60,0,310998786.0
0.7,0.0,0.2,70,0,76702476.0
0.7,0.035,0.2,70,0,62638631.0
0.7,0.07,0.2,70,0,61845658.0
0.7,0.105,0.2,70,0,59428842.0
0.7,0.14,0.2,70,0,55542718.0
0.7,0.175,0.2,70,0,52667007.0
0.7,0.2,0.2,70,0,52626098.0
0.7,0.21,0.2,70,0,53639517.0
0.7,0.245,0.2,70,0,57307317.0
0.7,0.28,0.2,70,0,61489935.0
0.7,0.315,0.2,70,0,66845301.0
0.7,0.35,0.2,70,0,74437522.0
0.7,0.385,0.2,70,0,85631308.0
0.7,0.42,0.2,70,0,101612497.0
0.7,0.455,0.2,70,0,122641414.0
0.7,0.49,0.2,70,0,148260867.0
0.7,0.525,0.2,70,0,177811613.0
0.7,0.56,0.2,70,0,210385584.0
0.7,0.595,0.2,70,0,245430799.0
0.7,0.63,0.2,70,0,282458561.0
0.7,0.665,0.2,70,0,321045724.0
0.7,0.7,0.2,70,0,360998786.0
0.7,0.0,0.2,80,0,80706816.0
0.7,0.035,0.2,80,0,67108327.0
0.7,0.07,0.2,80,0,66781346.0
0.7,0.105,0.2,80,0,64831703.0
0.7,0.14,0.2,80,0,61418022.0
0.7,0.175,0.2,80,0,59014293.0
0.7,0.2,0.2,80,0,59315138.0
0.7,0.21,0.2,80,0,60470887.0
0.7,0.245,0.2,80,0,64653837.0
0.7,0.28,0.2,80,0,69423905.0
0.7,0.315,0.2,80,0,75531431.0
0.7,0.35,0.2,80,0,84189962.0
0.7,0.385,0.2,80,0,96955948.0
0.7,0.42,0.2,80,0,115181687.0
0.7,0.455,0.2,80,0,139164094.0
0.7,0.49,0.2,80,0,168381777.0
0.7,0.525,0.2,80,0,202082973.0
0.7,0.56,0.2,80,0,239231934.0
0.7,0.595,0.2,80,0,279199269.0
0.7,0.63,0.2,80,0,321427541.0
0.7,0.665,0.2,80,0,365434264.0
0.7,0.7,0.2,80,0,410998786.0
0.7,0.0,0.2,90,0,84711156.0
0.7,0.035,0.2,90,0,71578131.0
0.7,0.07,0.2,90,0,71717070.0
0.7,0.105,0.2,90,0,70234580.0
0.7,0.14,0.2,90,0,67293332.0
0.7,0.175,0.2,90,0,65361583.0
0.7,0.2,0.2,90,0,66004178.0
0.7,0.21,0.2,90,0,67302257.0
0.7,0.245,0.2,90,0,72000357.0
0.7,0.28,0.2,90,0,77357875.0
0.7,0.315,0.2,90,0,84217561.0
0.7,0.35,0.2,90,0,93942402.0
0.7,0.385,0.2,90,0,108280588.0
0.7,0.42,0.2,90,0,128750877.0
0.7,0.455,0.2,90,0,155686774.0
0.7,0.49,0.2,90,0,188502687.0
0.7,0.525,0.2,90,0,226354333.0
0.7,0.56,0.2,90,0,268078284.0
0.7,0.595,0.2,90,0,312967739.0
0.7,0.63,0.2,90,0,360396521.0
0.7,0.665,0.2,90,0,409822804.0
0.7,0.7,0.2,90,0,460998786.0
0.7,0.0,0.2,100,0,88715496.0
0.7,0.035,0.2,100,0,76047962.0
0.7,0.07,0.2,100,0,76652808.0
0.7,0.105,0.2,100,0,75637460.0
0.7,0.14,0.2,100,0,73168642.0
0.7,0.175,0.2,100,0,71708873.0
0.7,0.2,0.2,100,0,72693218.0
0.7,0.21,0.2,100,0,74133627.0
0.7,0.245,0.2,100,0,79346877.0
0.7,0.28,0.2,100,0,85291845.0
0.7,0.315,0.2,100,0,92903691.0
0.7,0.35,0.2,100,0,103694842.0
0.7,0.385,0.2,100,0,119605228.0
0.7,0.42,0.2,100,0,142320067.0
0.7,0.455,0.2,100,0,172209454.0
0.7,0.49,0.2,100,0,208623597.0
0.7,0.525,0.2,100,0,250625693.0
0.7,0.56,0.2,100,0,296924634.0
0.7,0.595,0.2,100,0,346736209.0
0.7,0.63,0.2,100,0,399365501.0
0.7,0.665,0.2,100,0,454211344.0
0.7,0.7,0.2,100,0,510998786.0
0.7,0.0,0.5,10,0,52825670.0
0.7,0.035,0.5,10,0,42196308.0
0.7,0.07,0.5,10,0,43703635.0
0.7,0.105,0.5,10,0,44707065.0
0.7,0.14,0.5,10,0,45116928.0
0.7,0.175,0.5,10,0,45112687.0
0.7,0.21,0.5,10,0,44676687.0
0.7,0.245,0.5,10,0,43196599.0
0.7,0.28,0.5,10,0,42207122.0
0.7,0.315,0.5,10,0,42934729.0
0.7,0.35,0.5,10,0,44433182.0
0.7,0.385,0.5,10,0,43447932.0
0.7,0.42,0.5,10,0,40046717.0
0.7,0.455,0.5,10,0,35892104.0
0.7,0.49,0.5,10,0,31557520.0
0.7,0.5,0.5,10,0,29446806.0
0.7,0.525,0.5,10,0,32912198.0
0.7,0.56,0.5,10,0,38173293.0
0.7,0.595,0.5,10,0,43833860.0
0.7,0.63,0.5,10,0,49814268.0
0.7,0.665,0.5,10,0,56046677.0
0.7,0.7,0.5,10,0,62500232.0
0.7,0.0,0.5,20,0,56830010.0
0.7,0.035,0.5,20,0,46275687.0
0.7,0.07,0.5,20,0,48234492.0
0.7,0.105,0.5,20,0,49706952.0
0.7,0.14,0.5,20,0,50594326.0
0.7,0.175,0.5,20,0,51084616.0
0.7,0.21,0.5,20,0,51163131.0
0.7,0.245,0.5,20,0,50245445.0
0.7,0.28,0.5,20,0,49893276.0
0.7,0.315,0.5,20,0,51411588.0
0.7,0.35,0.5,20,0,53989124.0
0.7,0.385,0.5,20,0,54609065.0
0.7,0.42,0.5,20,0,53507436.0
0.7,0.455,0.5,20,0,52369397.0
0.7,0.49,0.5,20,0,51676244.0
0.7,0.5,0.5,20,0,50704866.0
0.7,0.525,0.5,20,0,57183558.0
0.7,0.56,0.5,20,0,67019643.0
0.7,0.595,0.5,20,0,77602330.0
0.7,0.63,0.5,20,0,88783248.0
0.7,0.665,0.5,20,0,100435217.0
0.7,0.7,0.5,20,0,112500232.0
0.7,0.0,0.5,30,0,60834350.0
0.7,0.035,0.5,30,0,50523614.0
0.7,0.07,0.5,30,0,52960123.0
0.7,0.105,0.5,30,0,54917658.0
0.7,0.14,0.5,30,0,56290691.0
0.7,0.175,0.5,30,0,57271322.0
0.7,0.21,0.5,30,0,57854025.0
0.7,0.245,0.5,30,0,57477159.0
0.7,0.28,0.5,30,0,57738962.0
0.7,0.315,0.5,30,0,60026320.0
0.7,0.35,0.5,30,0,63676220.0
0.7,0.385,0.5,30,0,65877972.0
0.7,0.42,0.5,30,0,67041208.0
0.7,0.455,0.5,30,0,68876513.0
0.7,0.49,0.5,30,0,71796266.0
0.7,0.5,0.5,30,0,71962926.0
0.7,0.525,0.5,30,0,81454918.0
0.7,0.56,0.5,30,0,95865993.0
0.7,0.595,0.5,30,0,111370800.0
0.7,0.63,0.5,30,0,127752228.0
0.7,0.665,0.5,30,0,144823757.0
0.7,0.7,0.5,30,0,162500232.0
0.7,0.0,0.5,40,0,64838690.0
0.7,0.035,0.5,40,0,54896923.0
0.7,0.07,0.5,40,0,57803406.0
0.7,0.105,0.5,40,0,60235674.0
0.7,0.14,0.5,40,0,62086192.0
0.7,0.175,0.5,40,0,63546735.0
0.7,0.21,0.5,40,0,64622404.0
0.7,0.245,0.5,40,0,64771707.0
0.7,0.28,0.5,40,0,65633460.0
0.7,0.315,0.5,40,0,68679295.0
0.7,0.35,0.5,40,0,73395618.0
0.7,0.385,0.5,40,0,77172900.0
0.7,0.42,0.5,40,0,80590730.0
0.7,0.455,0.5,40,0,85389620.0
0.7,0.49,0.5,40,0,91916703.0
0.7,0.5,0.5,40,0,93220986.0
0.7,0.525,0.5,40,0,105726278.0
0.7,0.56,0.5,40,0,124712343.0
0.7,0.595,0.5,40,0,145139270.0
0.7,0.63,0.5,40,0,166721208.0
0.7,0.665,0.5,40,0,189212297.0
0.7,0.7,0.5,40,0,212500232.0
0.7,0.0,0.5,50,0,68843030.0
0.7,0.035,0.5,50,0,59324119.0
0.7,0.07,0.5,50,0,62697000.0
0.7,0.105,0.5,50,0,65597969.0
0.7,0.14,0.5,50,0,67921749.0
0.7,0.175,0.5,50,0,69858685.0
0.7,0.21,0.5,50,0,71419744.0
0.7,0.245,0.5,50,0,72087863.0
0.7,0.28,0.5,50,0,73542060.0
0.7,0.315,0.5,50,0,77341603.0
0.7,0.35,0.5,50,0,83122821.0
0.7,0.385,0.5,50,0,88473291.0
0.7,0.42,0.5,50,0,94142947.0
0.7,0.455,0.5,50,0,101903715.0
0.7,0.49,0.5,50,0,112037253.0
0.7,0.5,0.5,50,0,114479046.0
0.7,0.525,0.5,50,0,129997638.0
0.7,0.56,0.5,50,0,153558693.0
0.7,0.595,0.5,50,0,178907740.0
0.7,0.63,0.5,50,0,205690188.0
0.7,0.665,0.5,50,0,233600837.0
0.7,0.7,0.5,50,0,262500232.0
0.7,0.0,0.5,60,0,72847370.0
0.7,0.035,0.5,60,0,63766692.0
0.7,0.07,0.5,60,0,67606119.0
0.7,0.105,0.5,60,0,70976142.0
0.7,0.14,0.5,60,0,73772250.0
0.7,0.175,0.5,60,0,76183976.0
0.7,0.21,0.5,60,0,78229531.0
0.7,0.245,0.5,60,0,79415525.0
0.7,0.28,0.5,60,0,81459986.0
0.7,0.315,0.5,60,0,86012833.0
0.7,0.35,0.5,60,0,92859513.0
0.7,0.385,0.5,60,0,99783405.0
0.7,0.42,0.5,60,0,107702880.0
0.7,0.455,0.5,60,0,118422240.0
0.7,0.49,0.5,60,0,132157986.0
0.7,0.5,0.5,60,0,135737106.0
0.7,0.525,0.5,60,0,154268998.0
0.7,0.56,0.5,60,0,182405043.0
0.7,0.595,0.5,60,0,212676210.0
0.7,0.63,0.5,60,0,244659168.0
0.7,0.665,0.5,60,0,277989377.0
0.7,0.7,0.5,60,0,312500232.0
0.7,0.0,0.5,70,0,76851710.0
0.7,0.035,0.5,70,0,68226122.0
0.7,0.07,0.5,70,0,72529367.0
0.7,0.105,0.5,70,0,76365370.0
0.7,0.14,0.5,70,0,79633163.0
0.7,0.175,0.5,70,0,82518230.0
0.7,0.21,0.5,70,0,85048155.0
0.7,0.245,0.5,70,0,86752048.0
0.7,0.28,0.5,70,0,89385901.0
0.7,0.315,0.5,70,0,94691879.0
0.7,0.35,0.5,70,0,102604577.0
0.7,0.385,0.5,70,0,111101687.0
0.7,0.42,0.5,70,0,121268722.0
0.7,0.455,0.5,70,0,134943781.0
0.7,0.49,0.5,70,0,152278816.0
0.7,0.5,0.5,70,0,156995166.0
0.7,0.525,0.5,70,0,178540358.0
0.7,0.56,0.5,70,0,211251393.0
0.7,0.595,0.5,70,0,246444680.0
0.7,0.63,0.5,70,0,283628148.0
0.7,0.665,0.5,70,0,322377917.0
0.7,0.7,0.5,70,0,362500232.0
0.7,0.0,0.5,80,0,80856050.0
0.7,0.035,0.5,80,0,72686960.0
0.7,0.07,0.5,80,0,77455487.0
0.7,0.105,0.5,80,0,81758283.0
0.7,0.14,0.5,80,0,85499130.0
0.7,0.175,0.5,80,0,88857874.0
0.7,0.21,0.5,80,0,91872775.0
0.7,0.245,0.5,80,0,94094250.0
0.7,0.28,0.5,80,0,97316515.0
0.7,0.315,0.5,80,0,103374774.0
0.7,0.35,0.5,80,0,112353132.0
0.7,0.385,0.5,80,0,122423053.0
0.7,0.42,0.5,80,0,134835990.0
0.7,0.455,0.5,80,0,151465741.0
0.7,0.49,0.5,80,0,172399646.0
0.7,0.5,0.5,80,0,178253226.0
0.7,0.525,0.5,80,0,202811718.0
0.7,0.56,0.5,80,0,240097743.0
0.7,0.595,0.5,80,0,280213150.0
0.7,0.63,0.5,80,0,322597128.0
0.7,0.665,0.5,80,0,366766457.0
0.7,0.7,0.5,80,0,412500232.0
0.7,0.0,0.5,90,0,84860390.0
0.7,0.035,0.5,90,0,77149272.0
0.7,0.07,0.5,90,0,82383900.0
0.7,0.105,0.5,90,0,87153873.0
0.7,0.14,0.5,90,0,91367257.0
0.7,0.175,0.5,90,0,95199138.0
0.7,0.21,0.5,90,0,98698725.0
0.7,0.245,0.5,90,0,101437272.0
0.7,0.28,0.5,90,0,105247607.0
0.7,0.315,0.5,90,0,112057986.0
0.7,0.35,0.5,90,0,122102097.0
0.7,0.385,0.5,90,0,133744614.0
0.7,0.42,0.5,90,0,148403350.0
0.7,0.455,0.5,90,0,167987716.0
0.7,0.49,0.5,90,0,192520476.0
0.7,0.5,0.5,90,0,199511286.0
0.7,0.525,0.5,90,0,227083078.0
0.7,0.56,0.5,90,0,268944093.0
0.7,0.595,0.5,90,0,313981620.0
0.7,0.63,0.5,90,0,361566108.0
0.7,0.665,0.5,90,0,411154997.0
0.7,0.7,0.5,90,0,462500232.0
0.7,0.0,0.5,100,0,88864730.0
0.7,0.035,0.5,100,0,81613055.0
0.7,0.07,0.5,100,0,87314486.0
0.7,0.105,0.5,100,0,92551666.0
0.7,0.14,0.5,100,0,97237243.0
0.7,0.175,0.5,100,0,101541624.0
0.7,0.21,0.5,100,0,105525552.0
0.7,0.245,0.5,100,0,108780621.0
0.7,0.28,0.5,100,0,113178912.0
0.7,0.315,0.5,100,0,120741379.0
0.7,0.35,0.5,100,0,131851378.0
0.7,0.385,0.5,100,0,145066271.0
0.7,0.42,0.5,100,0,161970750.0
0.7,0.455,0.5,100,0,184509704.0
0.7,0.49,0.5,100,0,212641306.0
0.7,0.5,0.5,100,0,220769346.0
0.7,0.525,0.5,100,0,251354438.0
0.7,0.56,0.5,100,0,297790443.0
0.7,0.595,0.5,100,0,347750090.0
0.7,0.63,0.5,100,0,400535088.0
0.7,0.665,0.5,100,0,455543537.0
0.7,0.7,0.5,100,0,512500232.0
0.8,0.0,0.2,10,0,36264745.0
0.8,0.04,0.2,10,0,27325848.0
0.8,0.08,0.2,10,0,24641558.0
0.8,0.12,0.2,10,0,19863570.0
0.8,0.16,0.2,10,0,13128394.0
0.8,0.2,0.2,10,0,10949703.0
0.8,0.24,0.2,10,0,11545805.0
0.8,0.28,0.2,10,0,12148733.0
0.8,0.32,0.2,10,0,12766192.0
0.8,0.36,0.2,10,0,13442172.0
0.8,0.4,0.2,10,0,14274748.0
0.8,0.44,0.2,10,0,15475147.0
0.8,0.48,0.2,10,0,17345361.0
0.8,0.52,0.2,10,0,20160427.0
0.8,0.56,0.2,10,0,24024692.0
0.8,0.6,0.2,10,0,28808349.0
0.8,0.64,0.2,10,0,34334122.0
0.8,0.68,0.2,10,0,40436188.0
0.8,0.72,0.2,10,0,46970205.0
0.8,0.76,0.2,10,0,53868422.0
0.8,0.8,0.2,10,0,60999455.0
0.8,0.0,0.2,20,0,38918835.0
0.8,0.04,0.2,20,0,30497995.0
0.8,0.08,0.2,20,0,28337395.0
0.8,0.12,0.2,20,0,24094401.0
0.8,0.16,0.2,20,0,17906124.0
0.8,0.2,0.2,20,0,16261803.0
0.8,0.24,0.2,20,0,17390225.0
0.8,0.28,0.2,20,0,18531553.0
0.8,0.32,0.2,20,0,19700262.0
0.8,0.36,0.2,20,0,20979822.0
0.8,0.4,0.2,20,0,22555698.0
0.8,0.44,0.2,20,0,24827607.0
0.8,0.48,0.2,20,0,28367661.0
0.8,0.52,0.2,20,0,33696257.0
0.8,0.56,0.2,20,0,41010672.0
0.8,0.6,0.2,20,0,50065669.0
0.8,0.64,0.2,20,0,60525152.0
0.8,0.68,0.2,20,0,72075528.0
0.8,0.72,0.2,20,0,84443575.0
0.8,0.76,0.2,20,0,97501382.0
0.8,0.8,0.2,20,0,110999455.0
0.8,0.0,0.2,30,0,41572925.0
0.8,0.04,0.2,30,0,33676631.0
0.8,0.08,0.2,30,0,32041843.0
0.8,0.12,0.2,30,0,28333309.0
0.8,0.16,0.2,30,0,22685998.0
0.8,0.2,0.2,30,0,21573903.0
0.8,0.24,0.2,30,0,23234645.0
0.8,0.28,0.2,30,0,24914373.0
0.8,0.32,0.2,30,0,26634332.0
0.8,0.36,0.2,30,0,28517472.0
0.8,0.4,0.2,30,0,30836648.0
0.8,0.44,0.2,30,0,34180067.0
0.8,0.48,0.2,30,0,39389961.0
0.8,0.52,0.2,30,0,47232087.0
0.8,0.56,0.2,30,0,57996652.0
0.8,0.6,0.2,30,0,71322989.0
0.8,0.64,0.2,30,0,86716182.0
0.8,0.68,0.2,30,0,103714868.0
0.8,0.72,0.2,30,0,121916945.0
0.8,0.76,0.2,30,0,141134342.0
0.8,0.8,0.2,30,0,160999455.0
0.8,0.0,0.2,40,0,44227015.0
0.8,0.04,0.2,40,0,36857791.0
0.8,0.08,0.2,40,0,35751192.0
0.8,0.12,0.2,40,0,32576845.0
0.8,0.16,0.2,40,0,27466864.0
0.8,0.2,0.2,40,0,26886003.0
0.8,0.24,0.2,40,0,29079065.0
0.8,0.28,0.2,40,0,31297193.0
0.8,0.32,0.2,40,0,33568402.0
0.8,0.36,0.2,40,0,36055122.0
0.8,0.4,0.2,40,0,39117598.0
0.8,0.44,0.2,40,0,43532527.0
0.8,0.48,0.2,40,0,50412261.0
0.8,0.52,0.2,40,0,60767917.0
0.8,0.56,0.2,40,0,74982632.0
0.8,0.6,0.2,40,0,92580309.0
0.8,0.64,0.2,40,0,112907212.0
0.8,0.68,0.2,40,0,135354208.0
0.8,0.72,0.2,40,0,159390315.0
0.8,0.76,0.2,40,0,184767302.0
0.8,0.8,0.2,40,0,210999455.0
0.8,0.0,0.2,50,0,46881105.0
0.8,0.04,0.2,50,0,40040635.0
0.8,0.08,0.2,50,0,39463148.0
0.8,0.12,0.2,50,0,36822864.0
0.8,0.16,0.2,50,0,32248348.0
0.8,0.2,0.2,50,0,32198103.0
0.8,0.24,0.2,50,0,34923485.0
0.8,0.28,0.2,50,0,37680013.0
0.8,0.32,0.2,50,0,40502472.0
0.8,0.36,0.2,50,0,43592772.0
0.8,0.4,0.2,50,0,47398548.0
0.8,0.44,0.2,50,0,52884987.0
0.8,0.48,0.2,50,0,61434561.0
0.8,0.52,0.2,50,0,74303747.0
0.8,0.56,0.2,50,0,91968612.0
0.8,0.6,0.2,50,0,113837629.0
0.8,0.64,0.2,50,0,139098242.0
0.8,0.68,0.2,50,0,166993548.0
0.8,0.72,0.2,50,0,196863685.0
0.8,0.76,0.2,50,0,228400262.0
0.8,0.8,0.2,50,0,260999455.0
0.8,0.0,0.2,60,0,49535195.0
0.8,0.04,0.2,60,0,43224124.0
0.8,0.08,0.2,60,0,43176469.0
0.8,0.12,0.2,60,0,41070193.0
0.8,0.16,0.2,60,0,37030212.0
0.8,0.2,0.2,60,0,37510203.0
0.8,0.24,0.2,60,0,40767905.0
0.8,0.28,0.2,60,0,44062833.0
0.8,0.32,0.2,60,0,47436542.0
0.8,0.36,0.2,60,0,51130422.0
0.8,0.4,0.2,60,0,55679498.0
0.8,0.44,0.2,60,0,62237447.0
0.8,0.48,0.2,60,0,72456861.0
0.8,0.52,0.2,60,0,87839577.0
0.8,0.56,0.2,60,0,108954592.0
0.8,0.6,0.2,60,0,135094949.0
0.8,0.64,0.2,60,0,165289272.0
0.8,0.68,0.2,60,0,198632888.0
0.8,0.72,0.2,60,0,234337055.0
0.8,0.76,0.2,60,0,272033222.0
0.8,0.8,0.2,60,0,310999455.0
0.8,0.0,0.2,70,0,52189285.0
0.8,0.04,0.2,70,0,46408103.0
0.8,0.08,0.2,70,0,46890652.0
0.8,0.12,0.2,70,0,45318144.0
0.8,0.16,0.2,70,0,41812172.0
0.8,0.2,0.2,70,0,42822303.0
0.8,0.24,0.2,70,0,46612325.0
0.8,0.28,0.2,70,0,50445653.0
0.8,0.32,0.2,70,0,54370612.0
0.8,0.36,0.2,70,0,58668072.0
0.8,0.4,0.2,70,0,63960448.0
0.8,0.44,0.2,70,0,71589907.0
0.8,0.48,0.2,70,0,83479161.0
0.8,0.52,0.2,70,0,101375407.0
0.8,0.56,0.2,70,0,125940572.0
0.8,0.6,0.2,70,0,156352269.0
0.8,0.64,0.2,70,0,191480302.0
0.8,0.68,0.2,70,0,230272228.0
0.8,0.72,0.2,70,0,271810425.0
0.8,0.76,0.2,70,0,315666182.0
0.8,0.8,0.2,70,0,360999455.0
0.8,0.0,0.2,80,0,54843375.0
0.8,0.04,0.2,80,0,49592504.0
0.8,0.08,0.2,80,0,50605302.0
0.8,0.12,0.2,80,0,49566335.0
0.8,0.16,0.2,80,0,46594132.0
0.8,0.2,0.2,80,0,48134403.0
0.8,0.24,0.2,80,0,52456745.0
0.8,0.28,0.2,80,0,56828473.0
0.8,0.32,0.2,80,0,61304682.0
0.8,0.36,0.2,80,0,66205722.0
0.8,0.4,0.2,80,0,72241398.0
0.8,0.44,0.2,80,0,80942367.0
0.8,0.48,0.2,80,0,94501461.0
0.8,0.52,0.2,80,0,114911237.0
0.8,0.56,0.2,80,0,142926552.0
0.8,0.6,0.2,80,0,177609589.0
0.8,0.64,0.2,80,0,217671332.0
0.8,0.68,0.2,80,0,261911568.0
0.8,0.72,0.2,80,0,309283795.0
0.8,0.76,0.2,80,0,359299142.0
0.8,0.8,0.2,80,0,410999455.0
0.8,0.0,0.2,90,0,57497465.0
0.8,0.04,0.2,90,0,52777008.0
0.8,0.08,0.2,90,0,54319984.0
0.8,0.12,0.2,90,0,53814569.0
0.8,0.16,0.2,90,0,51376092.0
0.8,0.2,0.2,90,0,53446503.0
0.8,0.24,0.2,90,0,58301165.0
0.8,0.28,0.2,90,0,63211293.0
0.8,0.32,0.2,90,0,68238752.0
0.8,0.36,0.2,90,0,73743372.0
0.8,0.4,0.2,90,0,80522348.0
0.8,0.44,0.2,90,0,90294827.0
0.8,0.48,0.2,90,0,105523761.0
0.8,0.52,0.2,90,0,128447067.0
0.8,0.56,0.2,90,0,159912532.0
0.8,0.6,0.2,90,0,198866909.0
0.8,0.64,0.2,90,0,243862362.0
0.8,0.68,0.2,90,0,293550908.0
0.8,0.72,0.2,90,0,346757165.0
0.8,0.76,0.2,90,0,402932102.0
0.8,0.8,0.2,90,0,460999455.0
0.8,0.0,0.2,100,0,60151555.0
0.8,0.04,0.2,100,0,55961569.0
0.8,0.08,0.2,100,0,58034706.0
0.8,0.12,0.2,100,0,58062822.0
0.8,0.16,0.2,100,0,56158052.0
0.8,0.2,0.2,100,0,58758603.0
0.8,0.24,0.2,100,0,64145585.0
0.8,0.28,0.2,100,0,69594113.0
0.8,0.32,0.2,100,0,75172822.0
0.8,0.36,0.2,100,0,81281022.0
0.8,0.4,0.2,100,0,88803298.0
0.8,0.44,0.2,100,0,99647287.0
0.8,0.48,0.2,100,0,116546061.0
0.8,0.52,0.2,100,0,141982897.0
0.8,0.56,0.2,100,0,176898512.0
0.8,0.6,0.2,100,0,220124229.0
0.8,0.64,0.2,100,0,270053392.0
0.8,0.68,0.2,100,0,325190248.0
0.8,0.72,0.2,100,0,384230535.0
0.8,0.76,0.2,100,0,446565062.0
0.8,0.8,0.2,100,0,510999455.0
0.8,0.0,0.5,10,0,36493405.0
0.8,0.04,0.5,10,0,32790165.0
0.8,0.08,0.5,10,0,34944697.0
0.8,0.12,0.5,10,0,36473835.0
0.8,0.16,0.5,10,0,37295215.0
0.8,0.2,0.5,10,0,37333795.0
0.8,0.24,0.5,10,0,36664187.0
0.8,0.28,0.5,10,0,34593544.0
0.8,0.32,0.5,10,0,31766231.0
0.8,0.36,0.5,10,0,28459862.0
0.8,0.4,0.5,10,0,28321943.0
0.8,0.44,0.5,10,0,28028299.0
0.8,0.48,0.5,10,0,22786410.0
0.8,0.5,0.5,10,0,18988672.0
0.8,0.52,0.5,10,0,20565903.0
0.8,0.56,0.5,10,0,24533826.0
0.8,0.6,0.5,10,0,29445728.0
0.8,0.64,0.5,10,0,35119470.0
0.8,0.68,0.5,10,0,41385917.0
0.8,0.72,0.5,10,0,48095159.0
0.8,0.76,0.5,10,0,55178473.0
0.8,0.8,0.5,10,0,62499938.0
0.8,0.0,0.5,20,0,39147495.0
0.8,0.04,0.5,20,0,35758022.0
0.8,0.08,0.5,20,0,38404776.0
0.8,0.12,0.5,20,0,40442468.0
0.8,0.16,0.5,20,0,41787733.0
0.8,0.2,0.5,20,0,42369146.0
0.8,0.24,0.5,20,0,42246117.0
0.8,0.28,0.5,20,0,40763497.0
0.8,0.32,0.5,20,0,38538438.0
0.8,0.36,0.5,20,0,35900680.0
0.8,0.4,0.5,20,0,36535009.0
0.8,0.44,0.5,20,0,37333246.0
0.8,0.48,0.5,20,0,33800630.0
0.8,0.5,0.5,20,0,31153082.0
0.8,0.52,0.5,20,0,34101733.0
0.8,0.56,0.5,20,0,41519806.0
0.8,0.6,0.5,20,0,50703048.0
0.8,0.64,0.5,20,0,61310500.0
0.8,0.68,0.5,20,0,73025257.0
0.8,0.72,0.5,20,0,85568529.0
0.8,0.76,0.5,20,0,98811433.0
0.8,0.8,0.5,20,0,112499938.0
0.8,0.0,0.5,30,0,41801585.0
0.8,0.04,0.5,30,0,38795146.0
0.8,0.08,0.5,30,0,41964272.0
0.8,0.12,0.5,30,0,44533265.0
0.8,0.16,0.5,30,0,46417536.0
0.8,0.2,0.5,30,0,47546782.0
0.8,0.24,0.5,30,0,47971486.0
0.8,0.28,0.5,30,0,47057108.0
0.8,0.32,0.5,30,0,45409907.0
0.8,0.36,0.5,30,0,43403577.0
0.8,0.4,0.5,30,0,44792328.0
0.8,0.44,0.5,30,0,46668382.0
0.8,0.48,0.5,30,0,44820356.0
0.8,0.5,0.5,30,0,43317492.0
0.8,0.52,0.5,30,0,47637563.0
0.8,0.56,0.5,30,0,58505786.0
0.8,0.6,0.5,30,0,71960368.0
0.8,0.64,0.5,30,0,87501530.0
0.8,0.68,0.5,30,0,104664597.0
0.8,0.72,0.5,30,0,123041899.0
0.8,0.76,0.5,30,0,142444393.0
0.8,0.8,0.5,30,0,162499938.0
0.8,0.0,0.5,40,0,44455675.0
0.8,0.04,0.5,40,0,41901026.0
0.8,0.08,0.5,40,0,45597299.0
0.8,0.12,0.5,40,0,48699736.0
0.8,0.16,0.5,40,0,51122684.0
0.8,0.2,0.5,40,0,52791355.0
0.8,0.24,0.5,40,0,53757853.0
0.8,0.28,0.5,40,0,53396755.0
0.8,0.32,0.5,40,0,52313860.0
0.8,0.36,0.5,40,0,50923267.0
0.8,0.4,0.5,40,0,53060502.0
0.8,0.44,0.5,40,0,56009835.0
0.8,0.48,0.5,40,0,55841115.0
0.8,0.5,0.5,40,0,55481902.0
0.8,0.52,0.5,40,0,61173393.0
0.8,0.56,0.5,40,0,75491766.0
0.8,0.6,0.5,40,0,93217688.0
0.8,0.64,0.5,40,0,113692560.0
0.8,0.68,0.5,40,0,136303937.0
0.8,0.72,0.5,40,0,160515269.0
0.8,0.76,0.5,40,0,186077353.0
0.8,0.8,0.5,40,0,212499938.0
0.8,0.0,0.5,50,0,47109765.0
0.8,0.04,0.5,50,0,45044516.0
0.8,0.08,0.5,50,0,49270136.0
0.8,0.12,0.5,50,0,52906172.0
0.8,0.16,0.5,50,0,55865031.0
0.8,0.2,0.5,50,0,58067016.0
0.8,0.24,0.5,50,0,59569594.0
0.8,0.28,0.5,50,0,59753218.0
0.8,0.32,0.5,50,0,59226769.0
0.8,0.36,0.5,50,0,58447063.0
0.8,0.4,0.5,50,0,61330786.0
0.8,0.44,0.5,50,0,65352377.0
0.8,0.48,0.5,50,0,66861980.0
0.8,0.5,0.5,50,0,67646312.0
0.8,0.52,0.5,50,0,74709223.0
0.8,0.56,0.5,50,0,92477746.0
0.8,0.6,0.5,50,0,114475008.0
0.8,0.64,0.5,50,0,139883590.0
0.8,0.68,0.5,50,0,167943277.0
0.8,0.72,0.5,50,0,197988639.0
0.8,0.76,0.5,50,0,229710313.0
0.8,0.8,0.5,50,0,262499938.0
0.8,0.0,0.5,60,0,49763855.0
0.8,0.04,0.5,60,0,48202361.0
0.8,0.08,0.5,60,0,52957308.0
0.8,0.12,0.5,60,0,57127392.0
0.8,0.16,0.5,60,0,60621724.0
0.8,0.2,0.5,60,0,63356183.0
0.8,0.24,0.5,60,0,65394150.0
0.8,0.28,0.5,60,0,66120345.0
0.8,0.32,0.5,60,0,66148684.0
0.8,0.36,0.5,60,0,65977503.0
0.8,0.4,0.5,60,0,69606323.0
0.8,0.44,0.5,60,0,74699891.0
0.8,0.48,0.5,60,0,77883664.0
0.8,0.5,0.5,60,0,79810722.0
0.8,0.52,0.5,60,0,88245053.0
0.8,0.56,0.5,60,0,109463726.0
0.8,0.6,0.5,60,0,135732328.0
0.8,0.64,0.5,60,0,166074620.0
0.8,0.68,0.5,60,0,199582617.0
0.8,0.72,0.5,60,0,235462009.0
0.8,0.76,0.5,60,0,273343273.0
0.8,0.8,0.5,60,0,312499938.0
0.8,0.0,0.5,70,0,52417945.0
0.8,0.04,0.5,70,0,51376383.0
0.8,0.08,0.5,70,0,56658573.0
0.8,0.12,0.5,70,0,61360677.0
0.8,0.16,0.5,70,0,65388443.0
0.8,0.2,0.5,70,0,68654325.0
0.8,0.24,0.5,70,0,71227175.0
0.8,0.28,0.5,70,0,72495198.0
0.8,0.32,0.5,70,0,73077537.0
0.8,0.36,0.5,70,0,73512719.0
0.8,0.4,0.5,70,0,77885452.0
0.8,0.44,0.5,70,0,84050631.0
0.8,0.48,0.5,70,0,88905782.0
0.8,0.5,0.5,70,0,91975132.0
0.8,0.52,0.5,70,0,101780883.0
0.8,0.56,0.5,70,0,126449706.0
0.8,0.6,0.5,70,0,156989648.0
0.8,0.64,0.5,70,0,192265650.0
0.8,0.68,0.5,70,0,231221957.0
0.8,0.72,0.5,70,0,272935379.0
0.8,0.76,0.5,70,0,316976233.0
0.8,0.8,0.5,70,0,362499938.0
0.8,0.0,0.5,80,0,55072035.0
0.8,0.04,0.5,80,0,54551761.0
0.8,0.08,0.5,80,0,60362626.0
0.8,0.12,0.5,80,0,65597818.0
0.8,0.16,0.5,80,0,70159740.0
0.8,0.2,0.5,80,0,73957320.0
0.8,0.24,0.5,80,0,77064655.0
0.8,0.28,0.5,80,0,78873309.0
0.8,0.32,0.5,80,0,80008892.0
0.8,0.36,0.5,80,0,81048885.0
0.8,0.4,0.5,80,0,86165101.0
0.8,0.44,0.5,80,0,93401776.0
0.8,0.48,0.5,80,0,99927942.0
0.8,0.5,0.5,80,0,104139542.0
0.8,0.52,0.5,80,0,115316713.0
0.8,0.56,0.5,80,0,143435686.0
0.8,0.6,0.5,80,0,178246968.0
0.8,0.64,0.5,80,0,218456680.0
0.8,0.68,0.5,80,0,262861297.0
0.8,0.72,0.5,80,0,310408749.0
0.8,0.76,0.5,80,0,360609193.0
0.8,0.8,0.5,80,0,412499938.0
0.8,0.0,0.5,90,0,57726125.0
0.8,0.04,0.5,90,0,57728670.0
0.8,0.08,0.5,90,0,64069078.0
0.8,0.12,0.5,90,0,69837780.0
0.8,0.16,0.5,90,0,74933511.0
0.8,0.2,0.5,90,0,79262170.0
0.8,0.24,0.5,90,0,82903171.0
0.8,0.28,0.5,90,0,85251941.0
0.8,0.32,0.5,90,0,86940450.0
0.8,0.36,0.5,90,0,88585114.0
0.8,0.4,0.5,90,0,94444808.0
0.8,0.44,0.5,90,0,102752961.0
0.8,0.48,0.5,90,0,110950102.0
0.8,0.5,0.5,90,0,116303952.0
0.8,0.52,0.5,90,0,128852543.0
0.8,0.56,0.5,90,0,160421666.0
0.8,0.6,0.5,90,0,199504288.0
0.8,0.64,0.5,90,0,244647710.0
0.8,0.68,0.5,90,0,294500637.0
0.8,0.72,0.5,90,0,347882119.0
0.8,0.76,0.5,90,0,404242153.0
0.8,0.8,0.5,90,0,462499938.0
0.8,0.0,0.5,100,0,60380215.0
0.8,0.04,0.5,100,0,60907059.0
0.8,0.08,0.5,100,0,67778003.0
0.8,0.12,0.5,100,0,74080125.0
0.8,0.16,0.5,100,0,79709308.0
0.8,0.2,0.5,100,0,84568347.0
0.8,0.24,0.5,100,0,88742477.0
0.8,0.28,0.5,100,0,91630875.0
0.8,0.32,0.5,100,0,93872108.0
0.8,0.36,0.5,100,0,96121399.0
0.8,0.4,0.5,100,0,102724538.0
0.8,0.44,0.5,100,0,112104199.0
0.8,0.48,0.5,100,0,121972262.0
0.8,0.5,0.5,100,0,128468362.0
0.8,0.52,0.5,100,0,142388373.0
0.8,0.56,0.5,100,0,177407646.0
0.8,0.6,0.5,100,0,220761608.0
0.8,0.64,0.5,100,0,270838740.0
0.8,0.68,0.5,100,0,326139977.0
0.8,0.72,0.5,100,0,385355489.0
0.8,0.76,0.5,100,0,447875113.0
0.8,0.8,0.5,100,0,512499938.0
